m_name	n_hetero_atoms	n_aliphatic_heterocycles	n_O	n_HBD	n_non_strict_rotable_bonds	n_atoms_stereo_centers	n_amide_bonds	n_briged_head_atoms	n_aromatic_carbocycles	n_radical_electrons	is_cns_molecule
BUMETANIDE	8.0	0.0	7.0	3.0	8.0	0.0	0.0	0.0	2.0	0.0	0
BACLOFEN	4.0	0.0	3.0	2.0	4.0	1.0	0.0	0.0	1.0	0.0	1
METYRAPONE	3.0	0.0	3.0	0.0	3.0	0.0	0.0	0.0	0.0	0.0	0
METHYLPHENOBARBITAL	5.0	1.0	5.0	1.0	2.0	1.0	4.0	0.0	1.0	0.0	1
DULOXETINE	3.0	0.0	2.0	1.0	6.0	1.0	0.0	0.0	2.0	0.0	1
FLUTICASONE	9.0	0.0	5.0	1.0	6.0	9.0	0.0	0.0	0.0	0.0	0
DIACEREIN	8.0	0.0	8.0	1.0	5.0	0.0	0.0	0.0	2.0	0.0	0
DOSULEPIN	2.0	1.0	1.0	0.0	3.0	0.0	0.0	0.0	2.0	0.0	1
CAPTOPRIL	5.0	1.0	4.0	2.0	4.0	2.0	1.0	0.0	0.0	0.0	0
PINACIDIL	5.0	0.0	5.0	2.0	5.0	1.0	0.0	0.0	0.0	0.0	0
ZONISAMIDE	6.0	0.0	5.0	1.0	2.0	0.0	0.0	0.0	1.0	0.0	1
GATIFLOXACIN	8.0	1.0	7.0	2.0	4.0	1.0	0.0	0.0	1.0	0.0	0
HETACILLIN	8.0	3.0	7.0	2.0	3.0	4.0	2.0	0.0	1.0	0.0	0
BENORILATE	6.0	0.0	6.0	1.0	7.0	0.0	1.0	0.0	2.0	0.0	0
CABERGOLINE	7.0	1.0	7.0	2.0	11.0	3.0	3.0	0.0	1.0	0.0	1
TANDOSPIRONE	7.0	2.0	7.0	0.0	6.0	4.0	2.0	2.0	0.0	0.0	0
GRANISETRON	5.0	2.0	5.0	1.0	3.0	2.0	1.0	2.0	1.0	0.0	1
SULFAPHENAZOLE	7.0	0.0	6.0	2.0	4.0	0.0	0.0	0.0	2.0	0.0	0
TALTIRELIN	12.0	2.0	12.0	4.0	8.0	3.0	6.0	0.0	0.0	0.0	1
QUINAPRIL	7.0	1.0	7.0	2.0	11.0	3.0	1.0	0.0	2.0	0.0	0
QUETIAPINE	6.0	2.0	5.0	1.0	6.0	0.0	0.0	0.0	2.0	0.0	1
LORCAINIDE	4.0	1.0	3.0	0.0	6.0	0.0	1.0	0.0	2.0	0.0	0
PIPERACETAZINE	5.0	2.0	4.0	1.0	7.0	0.0	0.0	0.0	2.0	0.0	1
CODEINE	4.0	2.0	4.0	1.0	1.0	5.0	0.0	2.0	1.0	0.0	1
THIABENDAZOLE	4.0	0.0	3.0	1.0	1.0	0.0	0.0	0.0	1.0	0.0	0
ALTRETAMINE	6.0	0.0	6.0	0.0	3.0	0.0	0.0	0.0	0.0	0.0	0
OXILOFRINE	3.0	0.0	3.0	3.0	3.0	2.0	0.0	0.0	1.0	0.0	0
METHANTHELINE_BROMIDE	4.0	1.0	4.0	0.0	7.0	0.0	0.0	0.0	2.0	0.0	0
TIAGABINE	5.0	1.0	3.0	1.0	6.0	1.0	0.0	0.0	0.0	0.0	1
THIOGUANINE	6.0	0.0	5.0	3.0	0.0	0.0	0.0	0.0	0.0	0.0	0
PIRACETAM	4.0	1.0	4.0	1.0	2.0	0.0	2.0	0.0	0.0	0.0	1
SUFENTANIL	5.0	1.0	4.0	0.0	9.0	0.0	1.0	0.0	1.0	0.0	1
FUSIDIC	6.0	0.0	6.0	3.0	6.0	10.0	0.0	0.0	0.0	0.0	0
CARVEDILOL	6.0	0.0	6.0	3.0	10.0	1.0	0.0	0.0	3.0	0.0	0
OXAPROZIN	4.0	0.0	4.0	1.0	5.0	0.0	0.0	0.0	2.0	0.0	0
RANITIDINE_BISMUTH_CITRATE	8.0	0.0	7.0	2.0	10.0	0.0	0.0	0.0	0.0	0.0	0
METHOXSALEN	4.0	0.0	4.0	0.0	1.0	0.0	0.0	0.0	1.0	0.0	0
GABAPENTIN	3.0	0.0	3.0	2.0	3.0	0.0	0.0	0.0	0.0	0.0	1
DEXPANTHENOL	5.0	0.0	5.0	4.0	7.0	1.0	1.0	0.0	0.0	0.0	0
OXIRACETAM	5.0	1.0	5.0	2.0	2.0	1.0	2.0	0.0	0.0	0.0	1
VENLAFAXINE	3.0	0.0	3.0	1.0	5.0	1.0	0.0	0.0	1.0	0.0	1
SULFOXONE_SODIUM	11.0	0.0	8.0	4.0	8.0	2.0	0.0	0.0	2.0	0.0	0
TALINOLOL	6.0	0.0	6.0	4.0	10.0	1.0	2.0	0.0	1.0	0.0	0
METHADONE	2.0	0.0	2.0	0.0	7.0	1.0	0.0	0.0	2.0	0.0	1
EDETATE_CALCIUM_DISODIUM	10.0	0.0	10.0	4.0	11.0	0.0	0.0	0.0	0.0	0.0	0
ZOPICLONE	10.0	2.0	9.0	0.0	4.0	1.0	2.0	0.0	0.0	0.0	1
MOXIFLOXACIN_HYDROCHLORIDE	8.0	2.0	7.0	2.0	4.0	2.0	0.0	0.0	1.0	0.0	0
DESMOPRESSIN	28.0	2.0	26.0	14.0	23.0	7.0	11.0	0.0	2.0	0.0	0
PHENMETRAZINE	2.0	1.0	2.0	1.0	1.0	2.0	0.0	0.0	1.0	0.0	1
PAMIDRONATE	10.0	0.0	8.0	6.0	4.0	0.0	0.0	0.0	0.0	0.0	0
CEFACLOR	9.0	2.0	7.0	3.0	5.0	3.0	2.0	0.0	1.0	0.0	0
CARBOCYSTEINE	6.0	0.0	5.0	3.0	5.0	1.0	0.0	0.0	0.0	0.0	0
PENFLURIDOL	8.0	1.0	2.0	1.0	8.0	0.0	0.0	0.0	3.0	0.0	1
TRAZODONE	7.0	1.0	6.0	0.0	5.0	0.0	0.0	0.0	1.0	0.0	1
OLMESARTAN	12.0	0.0	12.0	2.0	11.0	0.0	0.0	0.0	2.0	0.0	0
ZAFIRLUKAST	10.0	0.0	9.0	2.0	11.0	0.0	2.0	0.0	3.0	0.0	0
VORICONAZOLE	9.0	0.0	6.0	1.0	5.0	2.0	0.0	0.0	1.0	0.0	0
DROSPIRENONE	3.0	1.0	3.0	0.0	0.0	10.0	0.0	0.0	0.0	0.0	0
METHYLPHENIDATE	3.0	1.0	3.0	1.0	4.0	2.0	0.0	0.0	1.0	0.0	1
TETRABENAZINE	4.0	2.0	4.0	0.0	4.0	2.0	0.0	0.0	1.0	0.0	1
MIDAZOLAM	5.0	1.0	3.0	0.0	1.0	0.0	0.0	0.0	2.0	0.0	1
DISOPYRAMIDE	4.0	0.0	4.0	1.0	8.0	1.0	1.0	0.0	1.0	0.0	0
EFAVIRENZ	7.0	1.0	3.0	1.0	1.0	1.0	1.0	0.0	1.0	0.0	0
NORGESTREL	2.0	0.0	2.0	1.0	1.0	6.0	0.0	0.0	0.0	0.0	0
FLURAZEPAM	6.0	1.0	4.0	0.0	6.0	0.0	1.0	0.0	2.0	0.0	1
OMEPRAZOLE	7.0	0.0	6.0	1.0	5.0	1.0	0.0	0.0	1.0	0.0	0
NIACIN	3.0	0.0	3.0	1.0	1.0	0.0	0.0	0.0	0.0	0.0	0
VOGLIBOSE	8.0	0.0	8.0	8.0	5.0	5.0	0.0	0.0	0.0	0.0	0
TRANDOLAPRIL	7.0	1.0	7.0	2.0	11.0	5.0	1.0	0.0	1.0	0.0	0
AMINOGLUTETHIMIDE	4.0	1.0	4.0	2.0	2.0	1.0	2.0	0.0	1.0	0.0	0
TAMOXIFEN	2.0	0.0	2.0	0.0	8.0	0.0	0.0	0.0	3.0	0.0	0
QUINETHAZONE	8.0	1.0	6.0	3.0	2.0	1.0	1.0	0.0	1.0	0.0	0
DESFLURANE	7.0	0.0	1.0	0.0	3.0	1.0	0.0	0.0	0.0	0.0	1
ATOVAQUONE	4.0	0.0	3.0	1.0	2.0	0.0	0.0	0.0	2.0	0.0	0
NIZATIDINE	9.0	0.0	7.0	2.0	10.0	0.0	0.0	0.0	0.0	0.0	0
TERBUTALINE_SULFATE	4.0	0.0	4.0	4.0	4.0	1.0	0.0	0.0	1.0	0.0	0
PROGLUMIDE	6.0	0.0	6.0	2.0	12.0	1.0	2.0	0.0	1.0	0.0	0
FLUPREDNISOLONE	6.0	0.0	5.0	3.0	2.0	8.0	0.0	0.0	0.0	0.0	0
ISOXICAM	9.0	1.0	8.0	2.0	3.0	0.0	1.0	0.0	1.0	0.0	0
BROMPERIDOL	5.0	1.0	3.0	1.0	6.0	0.0	0.0	0.0	2.0	0.0	1
METHAMPHETAMINE	1.0	0.0	1.0	1.0	3.0	1.0	0.0	0.0	1.0	0.0	1
FAMCICLOVIR	9.0	0.0	9.0	1.0	9.0	0.0	0.0	0.0	0.0	0.0	0
SAQUINAVIR	11.0	1.0	11.0	5.0	16.0	6.0	4.0	0.0	2.0	0.0	0
LEVOCETIRIZINE	6.0	1.0	5.0	1.0	8.0	1.0	0.0	0.0	2.0	0.0	0
BUTIZIDE	10.0	1.0	7.0	3.0	3.0	1.0	0.0	0.0	1.0	0.0	0
AMPHETAMINE	1.0	0.0	1.0	1.0	2.0	1.0	0.0	0.0	1.0	0.0	1
PHENYL_AMINOSALICYLATE	4.0	0.0	4.0	2.0	3.0	0.0	0.0	0.0	2.0	0.0	0
DICHLORPHENAMIDE	10.0	0.0	6.0	2.0	2.0	0.0	0.0	0.0	1.0	0.0	0
ISONIAZID	4.0	0.0	4.0	2.0	2.0	0.0	1.0	0.0	0.0	0.0	0
TRIPELENNAMINE	3.0	0.0	3.0	0.0	6.0	0.0	0.0	0.0	1.0	0.0	1
AMODIAQUINE	5.0	0.0	4.0	2.0	6.0	0.0	0.0	0.0	2.0	0.0	0
NITROGLYCERIN	12.0	0.0	12.0	0.0	8.0	0.0	0.0	0.0	0.0	0.0	0
SALICYLAMIDE	3.0	0.0	3.0	2.0	1.0	0.0	1.0	0.0	1.0	0.0	0
HEXOPRENALINE	8.0	0.0	8.0	8.0	13.0	2.0	0.0	0.0	2.0	0.0	0
AMLODIPINE_BESYLATE	8.0	1.0	7.0	2.0	10.0	1.0	0.0	0.0	1.0	0.0	0
ALPRENOLOL	3.0	0.0	3.0	2.0	8.0	1.0	0.0	0.0	1.0	0.0	0
CARPIPRAMINE	5.0	3.0	5.0	1.0	6.0	0.0	1.0	0.0	2.0	0.0	1
ASCORBIC	6.0	1.0	6.0	4.0	2.0	2.0	0.0	0.0	0.0	0.0	0
MEDROXYPROGESTERONE	3.0	0.0	3.0	1.0	1.0	7.0	0.0	0.0	0.0	0.0	0
DEXTROMETHORPHAN	2.0	1.0	2.0	0.0	1.0	3.0	0.0	2.0	1.0	0.0	1
ETIZOLAM	6.0	1.0	4.0	0.0	2.0	0.0	0.0	0.0	1.0	0.0	1
THYMOXAMINE	4.0	0.0	4.0	0.0	7.0	0.0	0.0	0.0	1.0	0.0	0
MECLOFENAMATE_SODIUM	5.0	0.0	3.0	2.0	3.0	0.0	0.0	0.0	2.0	0.0	0
BUSPIRONE	7.0	2.0	7.0	0.0	6.0	0.0	2.0	0.0	0.0	0.0	1
ZOTEPINE	4.0	1.0	2.0	0.0	4.0	0.0	0.0	0.0	2.0	0.0	1
BUTORPHANOL	3.0	1.0	3.0	2.0	2.0	3.0	0.0	2.0	1.0	0.0	1
RALOXIFENE_HYDROCHLORIDE	6.0	1.0	5.0	2.0	7.0	0.0	0.0	0.0	3.0	0.0	0
SULFAPYRIDINE	6.0	0.0	5.0	2.0	3.0	0.0	0.0	0.0	1.0	0.0	0
DANAZOL	3.0	0.0	3.0	1.0	0.0	6.0	0.0	0.0	0.0	0.0	0
LERCANIDIPINE	9.0	1.0	9.0	1.0	14.0	1.0	0.0	0.0	3.0	0.0	0
RECAINAM	4.0	0.0	4.0	3.0	8.0	0.0	2.0	0.0	1.0	0.0	0
FELBINAC	2.0	0.0	2.0	1.0	3.0	0.0	0.0	0.0	2.0	0.0	0
VINCAMINE	5.0	3.0	5.0	1.0	3.0	3.0	0.0	0.0	1.0	0.0	0
CHLORAMPHENICOL_PALMITATE	10.0	0.0	8.0	2.0	23.0	2.0	1.0	0.0	1.0	0.0	0
IRBESARTAN	7.0	1.0	7.0	1.0	7.0	0.0	1.0	0.0	2.0	0.0	0
CEFUROXIME_AXETIL	15.0	2.0	14.0	2.0	13.0	3.0	3.0	0.0	0.0	0.0	0
ALBENDAZOLE	6.0	0.0	5.0	2.0	6.0	0.0	1.0	0.0	1.0	0.0	0
ALCLOFENAC	4.0	0.0	3.0	1.0	5.0	0.0	0.0	0.0	1.0	0.0	0
PHENSUXIMIDE	3.0	1.0	3.0	0.0	1.0	1.0	2.0	0.0	1.0	0.0	1
ANILERIDINE	4.0	1.0	4.0	1.0	7.0	0.0	0.0	0.0	2.0	0.0	1
DICYCLOMINE_HYDROCHLORIDE	3.0	0.0	3.0	0.0	8.0	0.0	0.0	0.0	0.0	0.0	0
FOSAMPRENAVIR	14.0	1.0	12.0	4.0	15.0	3.0	1.0	0.0	2.0	0.0	0
BAMIFYLLINE	8.0	0.0	8.0	1.0	8.0	0.0	0.0	0.0	1.0	0.0	0
SULFISOXAZOLE	7.0	0.0	6.0	2.0	3.0	0.0	0.0	0.0	1.0	0.0	0
OXYPHENONIUM_BROMIDE	4.0	0.0	4.0	1.0	9.0	1.0	0.0	0.0	1.0	0.0	0
CISAPRIDE_MONOHYDRATE	9.0	1.0	7.0	2.0	10.0	2.0	1.0	0.0	2.0	0.0	0
MINOXIDIL	6.0	1.0	6.0	3.0	1.0	0.0	0.0	0.0	0.0	0.0	0
MENADIOL	2.0	0.0	2.0	2.0	0.0	0.0	0.0	0.0	2.0	0.0	0
STIRIPENTOL	3.0	1.0	3.0	1.0	3.0	1.0	0.0	0.0	1.0	0.0	1
FLECAINIDE_ACETATE	11.0	1.0	5.0	2.0	10.0	1.0	1.0	0.0	1.0	0.0	0
PAROXETINE	5.0	2.0	4.0	1.0	4.0	2.0	0.0	0.0	2.0	0.0	1
ENPROFYLLINE	6.0	0.0	6.0	2.0	2.0	0.0	0.0	0.0	0.0	0.0	0
NYSTATIN	18.0	2.0	18.0	12.0	3.0	18.0	0.0	0.0	0.0	0.0	0
NITRENDIPINE	8.0	1.0	8.0	1.0	7.0	1.0	0.0	0.0	1.0	0.0	0
CARBAZOCHROME	7.0	1.0	7.0	3.0	2.0	1.0	2.0	0.0	0.0	0.0	0
MELITRACEN	1.0	0.0	1.0	0.0	3.0	0.0	0.0	0.0	2.0	0.0	1
PRAZOSIN	9.0	1.0	9.0	1.0	5.0	0.0	1.0	0.0	1.0	0.0	0
ENALAPRIL	7.0	1.0	7.0	2.0	11.0	3.0	1.0	0.0	1.0	0.0	0
SALSALATE	5.0	0.0	5.0	2.0	4.0	0.0	0.0	0.0	2.0	0.0	0
PRALIDOXIME_CHLORIDE	3.0	0.0	3.0	1.0	1.0	0.0	0.0	0.0	0.0	0.0	0
METHOCARBAMOL	6.0	0.0	6.0	2.0	7.0	1.0	1.0	0.0	1.0	0.0	1
OSELTAMIVIR_PHOSPHATE	6.0	0.0	6.0	2.0	9.0	3.0	1.0	0.0	0.0	0.0	0
AMINOPHYLLINE	6.0	0.0	6.0	1.0	0.0	0.0	0.0	0.0	0.0	0.0	1
CARBENOXOLONE	7.0	0.0	7.0	2.0	6.0	9.0	0.0	0.0	0.0	0.0	0
DEXRAZOXANE	8.0	2.0	8.0	2.0	3.0	1.0	4.0	0.0	0.0	0.0	0
METHACYCLINE_HYDROCHLORIDE	10.0	0.0	10.0	6.0	2.0	5.0	1.0	0.0	1.0	0.0	0
INDOMETHACIN	6.0	0.0	5.0	1.0	5.0	0.0	0.0	0.0	2.0	0.0	0
BOSENTAN	12.0	0.0	11.0	2.0	11.0	0.0	0.0	0.0	2.0	0.0	0
PROPICILLIN	8.0	2.0	7.0	2.0	7.0	4.0	2.0	0.0	1.0	0.0	0
MIGLITOL	6.0	1.0	6.0	5.0	3.0	4.0	0.0	0.0	0.0	0.0	0
BENZTHIAZIDE	11.0	1.0	7.0	2.0	5.0	0.0	0.0	0.0	2.0	0.0	0
PRAMIPEXOLE	4.0	0.0	3.0	2.0	3.0	1.0	0.0	0.0	0.0	0.0	1
VALSARTAN	8.0	0.0	8.0	2.0	11.0	1.0	1.0	0.0	2.0	0.0	0
MENADIOL_SODIUM_DIPHOSPHATE	4.0	0.0	4.0	0.0	4.0	0.0	0.0	0.0	2.0	0.0	0
CLOBUTINOL	3.0	0.0	2.0	1.0	5.0	2.0	0.0	0.0	1.0	0.0	0
CLOPIDOGREL_BISULFATE	5.0	1.0	3.0	0.0	4.0	1.0	0.0	0.0	1.0	0.0	0
ROXITHROMYCIN	17.0	3.0	17.0	5.0	13.0	18.0	0.0	0.0	0.0	0.0	0
INDELOXAZINE	3.0	1.0	3.0	1.0	3.0	1.0	0.0	0.0	1.0	0.0	1
GLYCERIN	3.0	0.0	3.0	3.0	2.0	0.0	0.0	0.0	0.0	0.0	0
CHLORAZEPATE	6.0	1.0	5.0	2.0	2.0	1.0	1.0	0.0	2.0	0.0	1
SORIVUDINE	9.0	1.0	8.0	4.0	3.0	4.0	0.0	0.0	0.0	0.0	0
CANDESARTAN	6.0	2.0	6.0	1.0	1.0	1.0	0.0	0.0	1.0	0.0	0
NALBUPHINE	5.0	2.0	5.0	3.0	2.0	5.0	0.0	2.0	1.0	0.0	1
TOPIRAMATE	10.0	3.0	9.0	1.0	3.0	4.0	0.0	0.0	0.0	0.0	1
CHLORPHENESIN	4.0	0.0	3.0	2.0	4.0	1.0	0.0	0.0	1.0	0.0	1
PENTAERYTHRITOL	16.0	0.0	16.0	0.0	12.0	0.0	0.0	0.0	0.0	0.0	0
TROPISETRON	4.0	2.0	4.0	1.0	3.0	2.0	0.0	2.0	1.0	0.0	1
HYDROCORTISONE_CYPIONATE	6.0	0.0	6.0	2.0	7.0	7.0	0.0	0.0	0.0	0.0	0
SULPIRIDE	8.0	1.0	7.0	2.0	7.0	1.0	1.0	0.0	1.0	0.0	1
NIFURTIMOX	9.0	1.0	8.0	0.0	3.0	1.0	0.0	0.0	0.0	0.0	0
SULFACYTINE	8.0	0.0	7.0	2.0	4.0	0.0	0.0	0.0	1.0	0.0	0
DAPSONE	5.0	0.0	4.0	2.0	2.0	0.0	0.0	0.0	2.0	0.0	0
RIBAVIRIN	9.0	1.0	9.0	4.0	3.0	4.0	1.0	0.0	0.0	0.0	0
ETRETINATE	3.0	0.0	3.0	0.0	8.0	0.0	0.0	0.0	1.0	0.0	0
DICUMAROL	6.0	0.0	6.0	2.0	2.0	0.0	0.0	0.0	2.0	0.0	0
BROMFENAC	5.0	0.0	4.0	2.0	4.0	0.0	0.0	0.0	2.0	0.0	0
ACETYLCYSTEINE	5.0	0.0	4.0	3.0	4.0	1.0	1.0	0.0	0.0	0.0	0
ABACAVIR_SULFATE	7.0	0.0	7.0	3.0	4.0	2.0	0.0	0.0	0.0	0.0	0
DEXAMETHASONE	6.0	0.0	5.0	3.0	2.0	8.0	0.0	0.0	0.0	0.0	1
DOXEPIN	2.0	1.0	2.0	0.0	3.0	0.0	0.0	0.0	2.0	0.0	1
LACIDIPINE	7.0	1.0	7.0	1.0	11.0	0.0	0.0	0.0	1.0	0.0	0
CLOFIBRATE	4.0	0.0	3.0	0.0	5.0	0.0	0.0	0.0	1.0	0.0	0
STAVUDINE	6.0	1.0	6.0	2.0	2.0	2.0	0.0	0.0	0.0	0.0	0
PIPERAZINE_CITRATE	2.0	1.0	2.0	2.0	0.0	0.0	0.0	0.0	0.0	0.0	0
VITAMIN_A_PALMITATE	2.0	0.0	2.0	0.0	21.0	0.0	0.0	0.0	0.0	0.0	0
PHENOXYBENZAMINE_HYDROCHLORIDE	3.0	0.0	2.0	0.0	8.0	1.0	0.0	0.0	2.0	0.0	0
MELPERONE	3.0	1.0	2.0	0.0	5.0	0.0	0.0	0.0	1.0	0.0	1
ALFENTANIL	9.0	1.0	9.0	0.0	10.0	0.0	1.0	0.0	1.0	0.0	1
CLENBUTEROL	5.0	0.0	3.0	3.0	4.0	1.0	0.0	0.0	1.0	0.0	0
RILUZOLE	7.0	0.0	3.0	1.0	2.0	0.0	0.0	0.0	1.0	0.0	0
PHENINDAMINE	1.0	1.0	1.0	0.0	1.0	1.0	0.0	0.0	2.0	0.0	1
ETHIONAMIDE	3.0	0.0	2.0	1.0	2.0	0.0	0.0	0.0	0.0	0.0	0
ETHOPROPAZINE	3.0	1.0	2.0	0.0	5.0	1.0	0.0	0.0	2.0	0.0	1
BENZONATATE	12.0	0.0	12.0	1.0	33.0	0.0	0.0	0.0	1.0	0.0	0
DIPIPANONE	2.0	1.0	2.0	0.0	7.0	1.0	0.0	0.0	2.0	0.0	1
BROMHEXINE	4.0	0.0	2.0	1.0	3.0	0.0	0.0	0.0	1.0	0.0	0
METHAZOLAMIDE	9.0	0.0	7.0	1.0	2.0	0.0	1.0	0.0	0.0	0.0	0
PHENYLBUTAZONE	4.0	1.0	4.0	0.0	5.0	0.0	2.0	0.0	2.0	0.0	0
ACECAINIDE	5.0	0.0	5.0	2.0	9.0	0.0	2.0	0.0	1.0	0.0	0
BUSULFAN	8.0	0.0	6.0	0.0	7.0	0.0	0.0	0.0	0.0	0.0	0
QUINACRINE	5.0	0.0	4.0	1.0	9.0	1.0	0.0	0.0	2.0	0.0	0
ACETOPHENAZINE	6.0	2.0	5.0	1.0	7.0	0.0	0.0	0.0	2.0	0.0	1
SEMATILIDE	7.0	0.0	6.0	2.0	9.0	0.0	1.0	0.0	1.0	0.0	0
FOSFOMYCIN_TROMETHAMINE	5.0	1.0	4.0	2.0	1.0	2.0	0.0	0.0	0.0	0.0	0
PYRIDOSTIGMINE_BROMIDE	4.0	0.0	4.0	0.0	3.0	0.0	1.0	0.0	0.0	0.0	0
THIAMPHENICOL	9.0	0.0	6.0	3.0	7.0	2.0	1.0	0.0	1.0	0.0	0
TRAMADOL	3.0	0.0	3.0	1.0	4.0	2.0	0.0	0.0	1.0	0.0	1
QUAZEPAM	8.0	1.0	2.0	0.0	3.0	0.0	0.0	0.0	2.0	0.0	1
ITRACONAZOLE	14.0	2.0	12.0	0.0	11.0	3.0	0.0	0.0	3.0	0.0	0
METAXALONE	4.0	1.0	4.0	1.0	3.0	1.0	1.0	0.0	1.0	0.0	1
SULTAMICILLIN	15.0	4.0	13.0	2.0	10.0	6.0	3.0	0.0	1.0	0.0	0
TRIMIPRAMINE	2.0	1.0	2.0	0.0	4.0	1.0	0.0	0.0	2.0	0.0	1
LEVAMISOLE_HYDROCHLORIDE	3.0	2.0	2.0	0.0	1.0	1.0	0.0	0.0	1.0	0.0	0
CANDESARTAN_CILEXETIL	12.0	0.0	12.0	1.0	13.0	1.0	0.0	0.0	3.0	0.0	0
ALMOTRIPTAN	6.0	1.0	5.0	1.0	6.0	0.0	0.0	0.0	1.0	0.0	1
ATENOLOL	5.0	0.0	5.0	3.0	8.0	1.0	1.0	0.0	1.0	0.0	0
BETHANECHOL_CHLORIDE	4.0	0.0	4.0	1.0	4.0	1.0	1.0	0.0	0.0	0.0	0
BENZNIDAZOLE	7.0	0.0	7.0	1.0	6.0	0.0	1.0	0.0	1.0	0.0	0
TILIDINE	3.0	0.0	3.0	0.0	5.0	2.0	0.0	0.0	1.0	0.0	1
NEFAZODONE	8.0	1.0	7.0	0.0	10.0	0.0	0.0	0.0	2.0	0.0	1
INDAPAMIDE	8.0	1.0	6.0	2.0	4.0	1.0	1.0	0.0	2.0	0.0	0
OXYPHENCYCLIMINE_HYDROCHLORIDE	5.0	1.0	5.0	1.0	6.0	1.0	0.0	0.0	1.0	0.0	0
CHLORAMPHENICOL	9.0	0.0	7.0	3.0	7.0	2.0	1.0	0.0	1.0	0.0	0
TOLOXATONE	4.0	1.0	4.0	1.0	2.0	1.0	1.0	0.0	1.0	0.0	1
FLEROXACIN	9.0	1.0	6.0	1.0	4.0	0.0	0.0	0.0	1.0	0.0	0
DYPHYLLINE	8.0	0.0	8.0	2.0	3.0	1.0	0.0	0.0	0.0	0.0	0
VIGABATRIN	3.0	0.0	3.0	2.0	4.0	1.0	0.0	0.0	0.0	0.0	1
GLYBURIDE	10.0	0.0	8.0	3.0	11.0	0.0	3.0	0.0	2.0	0.0	0
CYCLOBENZAPRINE_HYDROCHLORIDE	1.0	0.0	1.0	0.0	3.0	0.0	0.0	0.0	2.0	0.0	0
COCAINE	5.0	2.0	5.0	0.0	5.0	4.0	0.0	2.0	1.0	0.0	1
CINNARIZINE	2.0	1.0	2.0	0.0	6.0	0.0	0.0	0.0	3.0	0.0	1
CEPHALEXIN	8.0	2.0	7.0	3.0	5.0	3.0	2.0	0.0	1.0	0.0	0
ORPHENADRINE	2.0	0.0	2.0	0.0	6.0	1.0	0.0	0.0	2.0	0.0	1
DIDANOSINE	7.0	1.0	7.0	2.0	2.0	2.0	0.0	0.0	0.0	0.0	0
OPIPRAMOL	4.0	2.0	4.0	1.0	6.0	0.0	0.0	0.0	2.0	0.0	1
THALIDOMIDE	6.0	2.0	6.0	1.0	1.0	1.0	4.0	0.0	1.0	0.0	1
ZOLPIDEM	4.0	0.0	4.0	0.0	4.0	0.0	1.0	0.0	1.0	0.0	1
PERINDOPRIL_ERBUMINE	7.0	1.0	7.0	2.0	10.0	5.0	1.0	0.0	0.0	0.0	0
NITISINONE	9.0	0.0	6.0	0.0	4.0	0.0	0.0	0.0	1.0	0.0	0
CHLORMEZANONE	6.0	1.0	4.0	0.0	1.0	1.0	1.0	0.0	1.0	0.0	1
ARIPIPRAZOLE	7.0	2.0	5.0	1.0	7.0	0.0	1.0	0.0	2.0	0.0	1
BENOXAPROFEN	5.0	0.0	4.0	1.0	3.0	1.0	0.0	0.0	2.0	0.0	0
BENZTROPINE	2.0	2.0	2.0	0.0	4.0	2.0	0.0	2.0	2.0	0.0	1
AMPRENAVIR	10.0	1.0	9.0	3.0	13.0	3.0	1.0	0.0	2.0	0.0	0
MORPHINE	4.0	2.0	4.0	2.0	0.0	5.0	0.0	2.0	1.0	0.0	1
RIVASTIGMINE	4.0	0.0	4.0	0.0	6.0	1.0	1.0	0.0	1.0	0.0	1
LISINOPRIL	8.0	1.0	8.0	4.0	13.0	3.0	1.0	0.0	1.0	0.0	0
PROMAZINE	3.0	1.0	2.0	0.0	4.0	0.0	0.0	0.0	2.0	0.0	1
ZOMEPIRAC	5.0	0.0	4.0	1.0	4.0	0.0	0.0	0.0	1.0	0.0	0
CLOMIPRAMINE	3.0	1.0	2.0	0.0	4.0	0.0	0.0	0.0	2.0	0.0	1
MYCOPHENOLATE	6.0	1.0	6.0	2.0	6.0	0.0	0.0	0.0	1.0	0.0	0
TOLMETIN_SODIUM	4.0	0.0	4.0	1.0	4.0	0.0	0.0	0.0	1.0	0.0	0
MODAFINIL	4.0	0.0	3.0	1.0	5.0	1.0	1.0	0.0	2.0	0.0	1
METHIMAZOLE	3.0	0.0	2.0	1.0	0.0	0.0	0.0	0.0	0.0	0.0	0
LOFEPRAMINE	4.0	1.0	3.0	0.0	7.0	0.0	0.0	0.0	3.0	0.0	1
INDECAINIDE_HYDROCHLORIDE	3.0	0.0	3.0	2.0	6.0	0.0	1.0	0.0	2.0	0.0	0
NITRAZEPAM	6.0	1.0	6.0	1.0	2.0	0.0	1.0	0.0	2.0	0.0	1
ENCAINIDE	4.0	1.0	4.0	1.0	7.0	1.0	1.0	0.0	2.0	0.0	0
CEFPROZIL	9.0	2.0	8.0	4.0	6.0	3.0	2.0	0.0	1.0	0.0	0
FLUORESCEIN	5.0	2.0	5.0	2.0	0.0	0.0	0.0	0.0	3.0	0.0	0
ANIRACETAM	4.0	1.0	4.0	0.0	3.0	0.0	2.0	0.0	1.0	0.0	1
HALOPERIDOL	5.0	1.0	3.0	1.0	6.0	0.0	0.0	0.0	2.0	0.0	1
DIAMORPHINE	6.0	2.0	6.0	0.0	4.0	5.0	0.0	2.0	1.0	0.0	1
CARBIDOPA	6.0	0.0	6.0	5.0	4.0	1.0	0.0	0.0	1.0	0.0	0
NORFLOXACIN	7.0	1.0	6.0	2.0	3.0	0.0	0.0	0.0	1.0	0.0	0
BENTIROMIDE	7.0	0.0	7.0	4.0	9.0	1.0	2.0	0.0	3.0	0.0	0
TRIFLUPROMAZINE	6.0	1.0	2.0	0.0	5.0	0.0	0.0	0.0	2.0	0.0	1
ERGOCALCIFEROL	1.0	0.0	1.0	1.0	5.0	6.0	0.0	0.0	0.0	0.0	0
FLUCONAZOLE	9.0	0.0	7.0	1.0	5.0	0.0	0.0	0.0	1.0	0.0	0
WARFARIN_SODIUM	4.0	0.0	4.0	1.0	4.0	1.0	0.0	0.0	2.0	0.0	0
TERAZOSIN	9.0	2.0	9.0	1.0	5.0	1.0	1.0	0.0	1.0	0.0	0
TACROLIMUS	13.0	3.0	13.0	3.0	7.0	14.0	1.0	2.0	0.0	0.0	0
DIPHEMANIL_METHYLSULFATE	1.0	1.0	1.0	0.0	2.0	0.0	0.0	0.0	2.0	0.0	0
BIPERIDEN	2.0	1.0	2.0	1.0	5.0	4.0	0.0	2.0	1.0	0.0	1
SUCCIMER	6.0	0.0	4.0	4.0	3.0	2.0	0.0	0.0	0.0	0.0	0
ALENDRONATE_SODIUM	10.0	0.0	8.0	6.0	5.0	0.0	0.0	0.0	0.0	0.0	0
AZANIDAZOLE	8.0	0.0	8.0	1.0	3.0	0.0	0.0	0.0	0.0	0.0	0
DICLOFENAC	5.0	0.0	3.0	2.0	4.0	0.0	0.0	0.0	2.0	0.0	1
CLOBAZAM	5.0	1.0	4.0	0.0	1.0	0.0	2.0	0.0	2.0	0.0	1
OXAMNIQUINE	6.0	1.0	6.0	3.0	5.0	1.0	0.0	0.0	1.0	0.0	0
AMTOLMETIN	7.0	0.0	7.0	1.0	10.0	0.0	1.0	0.0	2.0	0.0	0
FELODIPINE	7.0	1.0	5.0	1.0	6.0	1.0	0.0	0.0	1.0	0.0	0
LAMOTRIGINE	7.0	0.0	5.0	2.0	1.0	0.0	0.0	0.0	1.0	0.0	1
DONEPEZIL	4.0	1.0	4.0	0.0	6.0	1.0	0.0	0.0	2.0	0.0	1
CLEMASTINE	3.0	1.0	2.0	0.0	6.0	2.0	0.0	0.0	2.0	0.0	1
ETHCHLORVYNOL	2.0	0.0	1.0	1.0	2.0	1.0	0.0	0.0	0.0	0.0	1
TRIPROLIDINE	2.0	1.0	2.0	0.0	4.0	0.0	0.0	0.0	1.0	0.0	1
PERINDOPRILAT	7.0	1.0	7.0	3.0	8.0	5.0	1.0	0.0	0.0	0.0	0
LOPERAMIDE_HYDROCHLORIDE	5.0	1.0	4.0	1.0	8.0	0.0	1.0	0.0	3.0	0.0	0
CEFDITOREN	14.0	2.0	11.0	3.0	8.0	2.0	2.0	0.0	0.0	0.0	0
DEXMEDETOMIDINE	2.0	0.0	2.0	1.0	2.0	1.0	0.0	0.0	1.0	0.0	1
PANTOPRAZOLE	10.0	0.0	7.0	1.0	7.0	1.0	0.0	0.0	1.0	0.0	0
CLONIDINE	5.0	1.0	3.0	2.0	2.0	0.0	0.0	0.0	1.0	0.0	1
BEPOTASTINE	6.0	1.0	5.0	1.0	8.0	1.0	0.0	0.0	1.0	0.0	0
LOPRAZOLAM	10.0	3.0	9.0	0.0	3.0	0.0	1.0	0.0	2.0	0.0	1
SULFADIAZINE	7.0	0.0	6.0	2.0	3.0	0.0	0.0	0.0	1.0	0.0	0
ANTAZOLINE	3.0	1.0	3.0	1.0	5.0	0.0	0.0	0.0	2.0	0.0	0
AZARIBINE	12.0	1.0	12.0	1.0	8.0	4.0	0.0	0.0	0.0	0.0	0
TINIDAZOLE	8.0	0.0	7.0	0.0	5.0	0.0	0.0	0.0	0.0	0.0	0
LEVETIRACETAM	4.0	1.0	4.0	1.0	3.0	1.0	2.0	0.0	0.0	0.0	1
ATOMOXETINE	2.0	0.0	2.0	1.0	6.0	1.0	0.0	0.0	2.0	0.0	1
NABILONE	3.0	1.0	3.0	1.0	6.0	2.0	0.0	0.0	1.0	0.0	1
LOXAPINE	5.0	2.0	4.0	0.0	1.0	0.0	0.0	0.0	2.0	0.0	1
VALACYCLOVIR_HYDROCHLORIDE	10.0	0.0	10.0	3.0	8.0	1.0	0.0	0.0	0.0	0.0	0
TALIPEXOLE	4.0	1.0	3.0	1.0	2.0	0.0	0.0	0.0	0.0	0.0	1
DIETHYLCARBAMAZINE_CITRATE	4.0	1.0	4.0	0.0	4.0	0.0	2.0	0.0	0.0	0.0	0
THEOPHYLLINE	6.0	0.0	6.0	1.0	0.0	0.0	0.0	0.0	0.0	0.0	1
RITODRINE_HYDROCHLORIDE	4.0	0.0	4.0	4.0	6.0	2.0	0.0	0.0	2.0	0.0	0
ACECLOFENAC	7.0	0.0	5.0	2.0	7.0	0.0	0.0	0.0	2.0	0.0	0
TOLBUTAMIDE	6.0	0.0	5.0	2.0	7.0	0.0	2.0	0.0	1.0	0.0	0
PROPYPHENAZONE	3.0	0.0	3.0	0.0	2.0	0.0	0.0	0.0	1.0	0.0	0
DIPYRONE	8.0	0.0	7.0	1.0	4.0	0.0	0.0	0.0	1.0	0.0	0
SPARFLOXACIN	9.0	1.0	7.0	3.0	3.0	2.0	0.0	0.0	1.0	0.0	0
ORLISTAT	6.0	1.0	6.0	1.0	24.0	4.0	1.0	0.0	0.0	0.0	0
ACARBOSE	19.0	3.0	19.0	14.0	9.0	19.0	0.0	0.0	0.0	0.0	0
BENZPHETAMINE	1.0	0.0	1.0	0.0	5.0	1.0	0.0	0.0	2.0	0.0	1
PERICYAZINE	5.0	2.0	4.0	1.0	4.0	0.0	0.0	0.0	2.0	0.0	1
ANAGRELIDE_HYDROCHLORIDE	6.0	2.0	4.0	1.0	0.0	0.0	1.0	0.0	1.0	0.0	0
METAPROTERENOL	4.0	0.0	4.0	4.0	4.0	1.0	0.0	0.0	1.0	0.0	0
RAMIPRIL	7.0	1.0	7.0	2.0	11.0	5.0	1.0	0.0	1.0	0.0	0
CIPROFLOXACIN	7.0	1.0	6.0	2.0	3.0	0.0	0.0	0.0	1.0	0.0	0
THIETHYLPERAZINE	5.0	2.0	3.0	0.0	6.0	0.0	0.0	0.0	2.0	0.0	1
MIZORIBINE	9.0	1.0	9.0	5.0	3.0	4.0	1.0	0.0	0.0	0.0	0
OLANZAPINE	5.0	2.0	4.0	1.0	1.0	0.0	0.0	0.0	1.0	0.0	1
PEROSPIRONE	7.0	2.0	6.0	0.0	6.0	2.0	2.0	0.0	1.0	0.0	1
SPIRAPRIL	9.0	2.0	7.0	2.0	11.0	3.0	1.0	0.0	1.0	0.0	0
DESLORATADINE	3.0	1.0	2.0	1.0	0.0	0.0	0.0	0.0	1.0	0.0	0
IOFLUPANE	4.0	2.0	3.0	0.0	6.0	4.0	0.0	2.0	1.0	0.0	1
METOLAZONE	8.0	1.0	6.0	2.0	2.0	1.0	1.0	0.0	2.0	0.0	0
DIGOXIN	14.0	4.0	14.0	6.0	7.0	21.0	0.0	0.0	0.0	0.0	0
ACEBUTOLOL	6.0	0.0	6.0	3.0	11.0	1.0	1.0	0.0	1.0	0.0	0
DOXAPRAM	4.0	2.0	4.0	0.0	6.0	1.0	1.0	0.0	2.0	0.0	1
COLISTIN_SULFATE	29.0	1.0	29.0	18.0	32.0	13.0	11.0	0.0	0.0	0.0	0
PHENYTOIN	4.0	1.0	4.0	2.0	2.0	0.0	3.0	0.0	2.0	0.0	1
ATORVASTATIN_CALCIUM	8.0	0.0	7.0	4.0	13.0	2.0	1.0	0.0	3.0	0.0	0
SULFASALAZINE	10.0	0.0	9.0	3.0	6.0	0.0	0.0	0.0	2.0	0.0	0
LAMIVUDINE	7.0	1.0	6.0	2.0	2.0	2.0	0.0	0.0	0.0	0.0	0
CYCLOTHIAZIDE	10.0	1.0	7.0	3.0	2.0	4.0	0.0	2.0	1.0	0.0	0
BROMAZEPAM	5.0	1.0	4.0	1.0	1.0	0.0	1.0	0.0	1.0	0.0	1
LETROZOLE	5.0	0.0	5.0	0.0	3.0	0.0	0.0	0.0	2.0	0.0	0
MERCAPTOPURINE	5.0	0.0	4.0	2.0	0.0	0.0	0.0	0.0	0.0	0.0	0
TOLCAPONE	6.0	0.0	6.0	2.0	3.0	0.0	0.0	0.0	2.0	0.0	1
THIOPROPAZATE	7.0	2.0	5.0	0.0	8.0	0.0	0.0	0.0	2.0	0.0	1
FLUFENAMIC	6.0	0.0	3.0	2.0	4.0	0.0	0.0	0.0	2.0	0.0	0
CHLOMETHIAZOLE	3.0	0.0	1.0	0.0	2.0	0.0	0.0	0.0	0.0	0.0	1
DROPERIDOL	6.0	1.0	5.0	1.0	6.0	0.0	0.0	0.0	2.0	0.0	1
NALMEFENE	4.0	2.0	4.0	2.0	2.0	4.0	0.0	2.0	1.0	0.0	1
ALFACALCIDOL	2.0	0.0	2.0	2.0	6.0	6.0	0.0	0.0	0.0	0.0	0
PRIFINIUM	1.0	1.0	1.0	0.0	4.0	1.0	0.0	0.0	2.0	0.0	0
BETAXOLOL_HYDROCHLORIDE	4.0	0.0	4.0	2.0	11.0	1.0	0.0	0.0	1.0	0.0	0
ISOTRETINOIN	2.0	0.0	2.0	1.0	5.0	0.0	0.0	0.0	0.0	0.0	0
SCOPOLAMINE	5.0	3.0	5.0	1.0	5.0	5.0	0.0	2.0	1.0	0.0	1
EMTRICITABINE	8.0	1.0	6.0	2.0	2.0	2.0	0.0	0.0	0.0	0.0	0
PROPYLTHIOURACIL	4.0	0.0	3.0	2.0	2.0	0.0	0.0	0.0	0.0	0.0	0
FLUNITRAZEPAM	7.0	1.0	6.0	0.0	2.0	0.0	1.0	0.0	2.0	0.0	1
URACIL_MUSTARD	7.0	0.0	5.0	2.0	5.0	0.0	0.0	0.0	0.0	0.0	0
DEFERIPRONE	3.0	0.0	3.0	1.0	0.0	0.0	0.0	0.0	0.0	0.0	0
DOXYCYCLINE	10.0	0.0	10.0	6.0	2.0	6.0	1.0	0.0	1.0	0.0	0
ISOSORBIDE_MONONITRATE	7.0	2.0	7.0	1.0	2.0	4.0	0.0	0.0	0.0	0.0	0
VALGANCICLOVIR_HYDROCHLORIDE	11.0	0.0	11.0	4.0	9.0	2.0	0.0	0.0	0.0	0.0	0
MELOXICAM	9.0	1.0	7.0	2.0	3.0	0.0	1.0	0.0	1.0	0.0	0
PROMETHAZINE	3.0	1.0	2.0	0.0	3.0	1.0	0.0	0.0	2.0	0.0	1
ZATEBRADINE	7.0	1.0	7.0	0.0	11.0	0.0	1.0	0.0	2.0	0.0	0
NICOTINE	2.0	1.0	2.0	0.0	1.0	1.0	0.0	0.0	0.0	0.0	1
TEMAZEPAM	5.0	1.0	4.0	1.0	1.0	1.0	1.0	0.0	2.0	0.0	1
PERPHENAZINE	6.0	2.0	4.0	1.0	6.0	0.0	0.0	0.0	2.0	0.0	1
TRIENTINE_HYDROCHLORIDE	4.0	0.0	4.0	4.0	7.0	0.0	0.0	0.0	0.0	0.0	0
FUROSEMIDE	9.0	0.0	7.0	3.0	5.0	0.0	0.0	0.0	1.0	0.0	0
AMIODARONE_HYDROCHLORIDE	6.0	0.0	4.0	0.0	11.0	0.0	0.0	0.0	2.0	0.0	0
TICLOPIDINE_HYDROCHLORIDE	3.0	1.0	1.0	0.0	2.0	0.0	0.0	0.0	1.0	0.0	0
SULFAMETER	8.0	0.0	7.0	2.0	4.0	0.0	0.0	0.0	1.0	0.0	0
PHENPROCOUMON	3.0	0.0	3.0	1.0	3.0	1.0	0.0	0.0	2.0	0.0	0
PROTOKYLOL_HYDROCHLORIDE	6.0	1.0	6.0	4.0	6.0	2.0	0.0	0.0	2.0	0.0	0
MOLINDONE	4.0	1.0	4.0	1.0	3.0	1.0	0.0	0.0	0.0	0.0	1
HOMATROPINE_METHYLBROMIDE	5.0	2.0	4.0	1.0	4.0	3.0	0.0	2.0	1.0	0.0	0
ESTROPIPATE	6.0	0.0	5.0	1.0	2.0	4.0	0.0	0.0	1.0	0.0	0
NEVIRAPINE	5.0	1.0	5.0	1.0	1.0	0.0	1.0	0.0	0.0	0.0	0
DILOXANIDE	5.0	0.0	3.0	1.0	3.0	0.0	1.0	0.0	1.0	0.0	0
DEXTROMORAMIDE	4.0	2.0	4.0	0.0	7.0	1.0	1.0	0.0	2.0	0.0	1
FLUVASTATIN_SODIUM	6.0	0.0	5.0	3.0	8.0	2.0	0.0	0.0	2.0	0.0	0
FOSINOPRIL_SODIUM	9.0	1.0	8.0	1.0	16.0	4.0	1.0	0.0	1.0	0.0	0
TILUDRONATE_DISODIUM	10.0	0.0	6.0	4.0	4.0	0.0	0.0	0.0	1.0	0.0	0
VILOXAZINE	4.0	1.0	4.0	1.0	5.0	1.0	0.0	0.0	1.0	0.0	1
NALTREXONE	5.0	2.0	5.0	2.0	2.0	4.0	0.0	2.0	1.0	0.0	1
BICALUTAMIDE	11.0	0.0	6.0	2.0	7.0	1.0	1.0	0.0	2.0	0.0	0
MEPARTRICIN	21.0	3.0	21.0	12.0	11.0	19.0	0.0	2.0	1.0	0.0	0
IVERMECTIN	14.0	6.0	14.0	3.0	8.0	20.0	0.0	2.0	0.0	0.0	0
CIPROFIBRATE	5.0	0.0	3.0	1.0	4.0	1.0	0.0	0.0	1.0	0.0	0
LIOTHYRONINE	8.0	0.0	5.0	3.0	5.0	1.0	0.0	0.0	2.0	0.0	0
FLUVOXAMINE	7.0	0.0	4.0	1.0	10.0	0.0	0.0	0.0	1.0	0.0	1
DIFLUNISAL	5.0	0.0	3.0	2.0	2.0	0.0	0.0	0.0	2.0	0.0	0
IDARUBICIN	10.0	1.0	10.0	5.0	3.0	6.0	0.0	0.0	2.0	0.0	0
SIBUTRAMINE	2.0	0.0	1.0	0.0	5.0	1.0	0.0	0.0	1.0	0.0	1
ALLOPURINOL	5.0	0.0	5.0	2.0	0.0	0.0	0.0	0.0	0.0	0.0	0
GLICLAZIDE	7.0	1.0	6.0	2.0	5.0	2.0	2.0	0.0	1.0	0.0	0
SORBINIL	6.0	2.0	5.0	2.0	0.0	1.0	3.0	0.0	1.0	0.0	0
LEUCOVORIN	14.0	1.0	14.0	7.0	11.0	2.0	2.0	0.0	1.0	0.0	0
CILAZAPRIL	8.0	2.0	8.0	2.0	9.0	3.0	1.0	0.0	1.0	0.0	0
SULFISOXAZOLE_ACETYL	8.0	0.0	7.0	1.0	4.0	0.0	1.0	0.0	1.0	0.0	0
REMOXIPRIDE	6.0	1.0	5.0	1.0	7.0	1.0	1.0	0.0	1.0	0.0	1
BETHANIDINE_SULFATE	3.0	0.0	3.0	2.0	4.0	0.0	0.0	0.0	1.0	0.0	0
SULFAMETHOXAZOLE	7.0	0.0	6.0	2.0	3.0	0.0	0.0	0.0	1.0	0.0	0
DOLASETRON	5.0	4.0	5.0	1.0	3.0	2.0	0.0	4.0	1.0	0.0	1
NOVOBIOCIN_SODIUM	13.0	1.0	13.0	5.0	10.0	4.0	2.0	0.0	2.0	0.0	0
XYLOSE	5.0	0.0	5.0	4.0	4.0	3.0	0.0	0.0	0.0	0.0	0
BENPERIDOL	6.0	1.0	5.0	1.0	6.0	0.0	0.0	0.0	2.0	0.0	1
THIORIDAZINE	4.0	2.0	2.0	0.0	4.0	1.0	0.0	0.0	2.0	0.0	1
PHENOLPHTHALEIN	4.0	1.0	4.0	2.0	2.0	0.0	0.0	0.0	3.0	0.0	0
AMISULPRIDE	8.0	1.0	7.0	2.0	8.0	1.0	1.0	0.0	1.0	0.0	1
SUCRALFATE	43.0	2.0	35.0	8.0	20.0	9.0	0.0	0.0	0.0	0.0	0
TROLEANDOMYCIN	16.0	4.0	16.0	0.0	12.0	18.0	0.0	0.0	0.0	0.0	0
BISOPROLOL_FUMARATE	5.0	0.0	5.0	2.0	12.0	1.0	0.0	0.0	1.0	0.0	0
MIDODRINE_HYDROCHLORIDE	6.0	0.0	6.0	3.0	7.0	1.0	1.0	0.0	1.0	0.0	0
EMEPRONIUM	1.0	0.0	1.0	0.0	6.0	1.0	0.0	0.0	2.0	0.0	0
HALAZEPAM	7.0	1.0	3.0	0.0	3.0	0.0	1.0	0.0	2.0	0.0	1
SETIPTILINE	1.0	1.0	1.0	0.0	0.0	0.0	0.0	0.0	2.0	0.0	1
METHYLERGONOVINE	5.0	1.0	5.0	3.0	5.0	3.0	1.0	0.0	1.0	0.0	0
PROCHLORPERAZINE	5.0	2.0	3.0	0.0	4.0	0.0	0.0	0.0	2.0	0.0	1
IOMAZENIL	7.0	1.0	6.0	0.0	3.0	0.0	1.0	0.0	1.0	0.0	1
CLONAZEPAM	7.0	1.0	6.0	1.0	2.0	0.0	1.0	0.0	2.0	0.0	1
FLUMAZENIL	7.0	1.0	6.0	0.0	3.0	0.0	1.0	0.0	1.0	0.0	1
ANISINDIONE	3.0	0.0	3.0	0.0	2.0	0.0	0.0	0.0	2.0	0.0	0
HYDROCORTISONE	5.0	0.0	5.0	3.0	2.0	7.0	0.0	0.0	0.0	0.0	0
BROMOCRIPTINE	11.0	4.0	10.0	3.0	6.0	6.0	3.0	0.0	1.0	0.0	1
BEMETIZIDE	10.0	1.0	7.0	3.0	3.0	2.0	0.0	0.0	2.0	0.0	0
LIDOFLAZINE	6.0	1.0	4.0	1.0	10.0	0.0	1.0	0.0	3.0	0.0	0
REBOXETINE	4.0	1.0	4.0	1.0	6.0	2.0	0.0	0.0	2.0	0.0	1
NEOSTIGMINE	4.0	0.0	4.0	0.0	4.0	0.0	1.0	0.0	1.0	0.0	0
CHLOROTRIANISENE	4.0	0.0	3.0	0.0	6.0	0.0	0.0	0.0	3.0	0.0	0
COLCHICINE	7.0	0.0	7.0	1.0	6.0	1.0	1.0	0.0	2.0	0.0	0
GLISOLAMIDE	10.0	0.0	9.0	3.0	10.0	0.0	3.0	0.0	1.0	0.0	0
DISTIGMINE	8.0	0.0	8.0	0.0	13.0	0.0	2.0	0.0	0.0	0.0	0
DEHYDROCHOLIC	5.0	0.0	5.0	1.0	4.0	8.0	0.0	0.0	0.0	0.0	0
PRAZEPAM	4.0	1.0	3.0	0.0	3.0	0.0	1.0	0.0	2.0	0.0	1
NITAZOXANIDE	9.0	0.0	8.0	1.0	6.0	0.0	1.0	0.0	1.0	0.0	0
PHENAZOCINE	2.0	1.0	2.0	1.0	3.0	3.0	0.0	2.0	2.0	0.0	1
ATAZANAVIR	13.0	0.0	13.0	5.0	22.0	4.0	4.0	0.0	2.0	0.0	0
IPODATE	7.0	0.0	4.0	1.0	5.0	0.0	0.0	0.0	1.0	0.0	0
BENAZEPRIL	7.0	1.0	7.0	2.0	10.0	2.0	1.0	0.0	2.0	0.0	0
PERGOLIDE	3.0	1.0	2.0	1.0	4.0	3.0	0.0	0.0	1.0	0.0	1
ROSARAMICIN	10.0	3.0	10.0	2.0	6.0	13.0	0.0	0.0	0.0	0.0	0
BROXATEROL	5.0	0.0	4.0	2.0	4.0	1.0	0.0	0.0	0.0	0.0	0
PHENOBARBITAL/PHENOBARBITONE	5.0	1.0	5.0	2.0	2.0	0.0	4.0	0.0	1.0	0.0	1
VARDENAFIL	11.0	1.0	10.0	1.0	8.0	0.0	0.0	0.0	1.0	0.0	0
BRIVUDINE	8.0	1.0	7.0	3.0	3.0	3.0	0.0	0.0	0.0	0.0	0
DEMECLOCYCLINE_HYDROCHLORIDE	11.0	0.0	10.0	6.0	1.0	5.0	0.0	0.0	1.0	0.0	0
ISOPROPAMIDE_IODIDE	3.0	0.0	3.0	1.0	8.0	0.0	1.0	0.0	2.0	0.0	0
CHLOROQUINE_PHOSPHATE	4.0	0.0	3.0	1.0	8.0	1.0	0.0	0.0	1.0	0.0	0
MEMANTINE	1.0	0.0	1.0	1.0	0.0	2.0	0.0	4.0	0.0	0.0	1
SUMATRIPTAN	6.0	0.0	5.0	2.0	6.0	0.0	0.0	0.0	1.0	0.0	1
OXAZEPAM	5.0	1.0	4.0	2.0	1.0	1.0	1.0	0.0	2.0	0.0	1
OXYPERTINE	5.0	1.0	5.0	1.0	6.0	0.0	0.0	0.0	2.0	0.0	1
CHLORMETHIAZOLE	3.0	0.0	1.0	0.0	2.0	0.0	0.0	0.0	0.0	0.0	1
PALONOSETRON	3.0	4.0	3.0	0.0	1.0	2.0	1.0	2.0	1.0	0.0	1
CEFDITOREN_PIVOXIL	16.0	2.0	13.0	2.0	13.0	2.0	2.0	0.0	0.0	0.0	0
FLUOCORTOLONE	5.0	0.0	4.0	2.0	2.0	9.0	0.0	0.0	0.0	0.0	0
ERYTHRITYL	16.0	0.0	16.0	0.0	11.0	2.0	0.0	0.0	0.0	0.0	0
TRIAMCINOLONE	7.0	0.0	6.0	4.0	2.0	8.0	0.0	0.0	0.0	0.0	0
NICORANDIL	7.0	0.0	7.0	1.0	6.0	0.0	1.0	0.0	0.0	0.0	0
PREGABALIN	3.0	0.0	3.0	2.0	5.0	1.0	0.0	0.0	0.0	0.0	1
GEMIFLOXACIN	10.0	1.0	9.0	2.0	5.0	1.0	0.0	0.0	0.0	0.0	0
EPALRESTAT	6.0	1.0	4.0	1.0	4.0	0.0	1.0	0.0	1.0	0.0	0
FLUPIRTINE	7.0	0.0	6.0	3.0	7.0	0.0	1.0	0.0	1.0	0.0	1
FENOTEROL	5.0	0.0	5.0	5.0	6.0	2.0	0.0	0.0	2.0	0.0	0
QUINESTROL	2.0	0.0	2.0	1.0	2.0	5.0	0.0	0.0	1.0	0.0	0
LEVODROPROPIZINE	4.0	1.0	4.0	2.0	4.0	1.0	0.0	0.0	1.0	0.0	0
DIPHENHYDRAMINE	2.0	0.0	2.0	0.0	6.0	0.0	0.0	0.0	2.0	0.0	1
FENTANYL	3.0	1.0	3.0	0.0	7.0	0.0	1.0	0.0	2.0	0.0	1
CHLORDIAZEPOXIDE	5.0	1.0	4.0	1.0	1.0	0.0	0.0	0.0	2.0	0.0	1
PARALDEHYDE	3.0	1.0	3.0	0.0	0.0	0.0	0.0	0.0	0.0	0.0	1
ESTRADIOL	2.0	0.0	2.0	2.0	0.0	5.0	0.0	0.0	1.0	0.0	0
ACETAZOLAMIDE	9.0	0.0	7.0	2.0	3.0	0.0	1.0	0.0	0.0	0.0	1
CINOLAZEPAM	7.0	1.0	5.0	1.0	3.0	1.0	1.0	0.0	2.0	0.0	1
ONDANSETRON	4.0	0.0	4.0	0.0	2.0	1.0	0.0	0.0	1.0	0.0	1
BEVANTOLOL	5.0	0.0	5.0	2.0	10.0	1.0	0.0	0.0	2.0	0.0	0
PANTOTHENIC	6.0	0.0	6.0	4.0	7.0	1.0	1.0	0.0	0.0	0.0	0
SULINDAC	5.0	0.0	3.0	1.0	4.0	1.0	0.0	0.0	2.0	0.0	0
CORTISONE_ACETATE	5.0	0.0	5.0	2.0	2.0	6.0	0.0	0.0	0.0	0.0	0
CLIDINIUM_BROMIDE	4.0	3.0	4.0	1.0	5.0	1.0	0.0	2.0	2.0	0.0	0
LACTULOSE	11.0	1.0	11.0	8.0	8.0	8.0	0.0	0.0	0.0	0.0	0
HYDROMORPHONE	4.0	2.0	4.0	1.0	0.0	4.0	0.0	2.0	1.0	0.0	1
MEFENAMIC_ACID	3.0	0.0	3.0	2.0	3.0	0.0	0.0	0.0	2.0	0.0	0
MEPHENYTOIN	4.0	1.0	4.0	1.0	2.0	1.0	3.0	0.0	1.0	0.0	1
PENTOXIFYLLINE	7.0	0.0	7.0	0.0	5.0	0.0	0.0	0.0	0.0	0.0	0
RIZATRIPTAN	5.0	0.0	5.0	1.0	5.0	0.0	0.0	0.0	1.0	0.0	1
TRANEXAMIC_ACID	3.0	0.0	3.0	2.0	2.0	0.0	0.0	0.0	0.0	0.0	0
ACITRETIN	3.0	0.0	3.0	1.0	6.0	0.0	0.0	0.0	1.0	0.0	0
DIETHYLSTILBESTROL_DIPHOSPHATE	2.0	0.0	2.0	2.0	4.0	0.0	0.0	0.0	2.0	0.0	0
GALANTAMINE	4.0	2.0	4.0	1.0	1.0	3.0	0.0	0.0	1.0	0.0	1
MEBENDAZOLE	6.0	0.0	6.0	2.0	5.0	0.0	1.0	0.0	2.0	0.0	0
HYDROXYZINE	5.0	1.0	4.0	1.0	8.0	1.0	0.0	0.0	2.0	0.0	1
CYSTEAMINE_BITARTRATE	2.0	0.0	1.0	2.0	1.0	0.0	0.0	0.0	0.0	0.0	0
PROTRIPTYLINE	1.0	0.0	1.0	1.0	4.0	0.0	0.0	0.0	2.0	0.0	1
IOCETAMIC_ACID	8.0	0.0	5.0	2.0	5.0	1.0	1.0	0.0	1.0	0.0	0
DIOSMIN	15.0	2.0	15.0	8.0	7.0	10.0	0.0	0.0	2.0	0.0	0
LINCOMYCIN_HYDROCHLORIDE	9.0	2.0	8.0	5.0	8.0	9.0	1.0	0.0	0.0	0.0	0
THIOTHIXENE	7.0	2.0	5.0	0.0	5.0	0.0	0.0	0.0	2.0	0.0	1
TRIAMTERENE	7.0	0.0	7.0	3.0	1.0	0.0	0.0	0.0	1.0	0.0	0
RACECADOTRIL	6.0	0.0	5.0	1.0	12.0	1.0	1.0	0.0	2.0	0.0	0
LORAZEPAM	6.0	1.0	4.0	2.0	1.0	1.0	1.0	0.0	2.0	0.0	1
MEPTAZINOL	2.0	1.0	2.0	1.0	2.0	1.0	0.0	0.0	1.0	0.0	1
RIBOFLAVIN	10.0	2.0	10.0	5.0	5.0	3.0	0.0	0.0	1.0	0.0	0
TRIDIHEXETHYL_CHLORIDE	2.0	0.0	2.0	1.0	8.0	1.0	0.0	0.0	1.0	0.0	0
FROVATRIPTAN	4.0	0.0	4.0	3.0	2.0	1.0	1.0	0.0	1.0	0.0	0
FLUOXYMESTERONE	4.0	0.0	3.0	2.0	0.0	7.0	0.0	0.0	0.0	0.0	0
CELECOXIB	9.0	0.0	5.0	1.0	4.0	0.0	0.0	0.0	2.0	0.0	0
AZACITIDINE	9.0	1.0	9.0	4.0	2.0	4.0	0.0	0.0	0.0	0.0	0
PHENINDIONE	2.0	0.0	2.0	0.0	1.0	0.0	0.0	0.0	2.0	0.0	0
ROPINIROLE	3.0	1.0	3.0	1.0	7.0	0.0	1.0	0.0	1.0	0.0	1
BUPROPION	3.0	0.0	2.0	1.0	4.0	1.0	0.0	0.0	1.0	0.0	1
IOHEXOL	15.0	0.0	12.0	8.0	15.0	3.0	3.0	0.0	1.0	0.0	0
HEXOCYCLIUM_METHYLSULFATE	3.0	1.0	3.0	1.0	4.0	1.0	0.0	0.0	1.0	0.0	0
CARBENICILLIN_INDANYL_SODIUM	9.0	2.0	8.0	2.0	8.0	4.0	2.0	0.0	2.0	0.0	0
EPROSARTAN_MESYLATE	7.0	0.0	6.0	2.0	10.0	0.0	0.0	0.0	1.0	0.0	0
ENOXACIN	8.0	1.0	7.0	2.0	3.0	0.0	0.0	0.0	0.0	0.0	0
ALPRAZOLAM	5.0	1.0	4.0	0.0	1.0	0.0	0.0	0.0	2.0	0.0	1
MEPROBAMATE	6.0	0.0	6.0	2.0	8.0	0.0	2.0	0.0	0.0	0.0	1
ANISOTROPINE	3.0	2.0	3.0	0.0	7.0	2.0	0.0	2.0	0.0	0.0	0
RITONAVIR	13.0	0.0	11.0	4.0	22.0	4.0	4.0	0.0	2.0	0.0	0
VITAMIN	2.0	1.0	2.0	1.0	12.0	3.0	0.0	0.0	1.0	0.0	0
PREDNISOLONE	5.0	0.0	5.0	3.0	2.0	7.0	0.0	0.0	0.0	0.0	0
OTILONIUM	6.0	0.0	6.0	1.0	18.0	0.0	1.0	0.0	2.0	0.0	0
OXOLINIC	6.0	1.0	6.0	1.0	2.0	0.0	0.0	0.0	1.0	0.0	0
ROPIVACAINE	3.0	1.0	3.0	1.0	5.0	1.0	1.0	0.0	1.0	0.0	1
PINAVERIUM	6.0	1.0	5.0	0.0	10.0	3.0	0.0	2.0	1.0	0.0	0
AZITHROMYCIN_DIHYDRATE	14.0	3.0	14.0	5.0	7.0	18.0	0.0	0.0	0.0	0.0	0
LACTITOL	11.0	1.0	11.0	9.0	8.0	9.0	0.0	0.0	0.0	0.0	0
AMBENONIUM_CHLORIDE	8.0	0.0	6.0	2.0	17.0	0.0	2.0	0.0	2.0	0.0	0
CARBETAPENTANE	4.0	0.0	4.0	0.0	11.0	0.0	0.0	0.0	1.0	0.0	0
PIROXICAM	8.0	1.0	7.0	2.0	3.0	0.0	1.0	0.0	1.0	0.0	0
TIMOLOL_MALEATE	8.0	1.0	7.0	2.0	7.0	1.0	0.0	0.0	0.0	0.0	0
CLARITHROMYCIN	14.0	3.0	14.0	4.0	8.0	18.0	0.0	0.0	0.0	0.0	0
FENFLURAMINE	4.0	0.0	1.0	1.0	5.0	1.0	0.0	0.0	1.0	0.0	1
ASTEMIZOLE	6.0	1.0	5.0	1.0	8.0	0.0	0.0	0.0	3.0	0.0	0
TANDOSPIRONE	7.0	2.0	7.0	0.0	6.0	4.0	2.0	2.0	0.0	0.0	1
IMIPRAMINE	2.0	1.0	2.0	0.0	4.0	0.0	0.0	0.0	2.0	0.0	1
HALOFANTRINE_HYDROCHLORIDE	7.0	0.0	2.0	1.0	11.0	1.0	0.0	0.0	3.0	0.0	0
ERYTHROMYCIN	14.0	3.0	14.0	5.0	7.0	18.0	0.0	0.0	0.0	0.0	0
LORMETAZEPAM	6.0	1.0	4.0	1.0	1.0	1.0	1.0	0.0	2.0	0.0	1
TRIMEPRAZINE	3.0	1.0	2.0	0.0	4.0	1.0	0.0	0.0	2.0	0.0	1
REBAMIPIDE	7.0	0.0	6.0	3.0	6.0	1.0	1.0	0.0	2.0	0.0	0
MEFLOQUINE	9.0	1.0	3.0	2.0	4.0	2.0	0.0	0.0	1.0	0.0	0
MESORIDAZINE	5.0	2.0	3.0	0.0	4.0	2.0	0.0	0.0	2.0	0.0	1
AMITRIPTYLINE	1.0	0.0	1.0	0.0	3.0	0.0	0.0	0.0	2.0	0.0	1
DIPYRIDAMOLE	12.0	2.0	12.0	4.0	12.0	0.0	0.0	0.0	0.0	0.0	0
POLYTHIAZIDE	14.0	1.0	7.0	2.0	5.0	1.0	0.0	0.0	1.0	0.0	0
TIRAPAZAMINE	6.0	0.0	6.0	1.0	0.0	0.0	0.0	0.0	1.0	0.0	0
TENOXICAM	9.0	1.0	7.0	2.0	3.0	0.0	1.0	0.0	0.0	0.0	0
BUNAZOSIN	8.0	1.0	8.0	1.0	6.0	0.0	1.0	0.0	1.0	0.0	0
LEVOCARNITINE	4.0	0.0	4.0	2.0	4.0	1.0	0.0	0.0	0.0	0.0	0
ANASTROZOLE	5.0	0.0	5.0	0.0	4.0	0.0	0.0	0.0	1.0	0.0	0
MOCLOBEMIDE	5.0	1.0	4.0	1.0	5.0	0.0	1.0	0.0	1.0	0.0	1
ETODOLAC	4.0	1.0	4.0	2.0	4.0	1.0	0.0	0.0	1.0	0.0	0
AMINOSALICYLIC_ACID	4.0	0.0	4.0	3.0	1.0	0.0	0.0	0.0	1.0	0.0	0
SATIGREL	5.0	0.0	5.0	1.0	7.0	0.0	0.0	0.0	2.0	0.0	0
GLIPIZIDE	10.0	0.0	9.0	3.0	10.0	0.0	3.0	0.0	1.0	0.0	0
TRIAMCINOLONE_DIACETATE	9.0	0.0	8.0	2.0	6.0	8.0	0.0	0.0	0.0	0.0	0
CYCLIZINE	2.0	1.0	2.0	0.0	3.0	0.0	0.0	0.0	2.0	0.0	1
BREQUINAR	5.0	0.0	3.0	1.0	3.0	0.0	0.0	0.0	3.0	0.0	0
CYCLOPHOSPHAMIDE	7.0	1.0	4.0	1.0	5.0	1.0	0.0	0.0	0.0	0.0	0
CROMOLYN_SODIUM	11.0	0.0	11.0	3.0	8.0	0.0	0.0	0.0	2.0	0.0	0
IBANDRONATE	10.0	0.0	8.0	5.0	9.0	0.0	0.0	0.0	0.0	0.0	0
ZALCITABINE	6.0	1.0	6.0	2.0	2.0	2.0	0.0	0.0	0.0	0.0	0
DIRITHROMYCIN	16.0	4.0	16.0	5.0	12.0	20.0	0.0	2.0	0.0	0.0	0
TRILOSTANE	4.0	1.0	4.0	2.0	0.0	8.0	0.0	0.0	0.0	0.0	0
RILMENIDINE	3.0	1.0	3.0	1.0	4.0	0.0	0.0	0.0	0.0	0.0	0
TELITHROMYCIN	15.0	3.0	15.0	1.0	11.0	13.0	1.0	0.0	0.0	0.0	0
ALPIDEM	6.0	0.0	4.0	0.0	8.0	0.0	1.0	0.0	1.0	0.0	1
ISRADIPINE	8.0	1.0	8.0	1.0	6.0	1.0	0.0	0.0	1.0	0.0	0
IPRIFLAVONE	3.0	0.0	3.0	0.0	3.0	0.0	0.0	0.0	2.0	0.0	0
FLUTAMIDE	8.0	0.0	5.0	1.0	5.0	0.0	1.0	0.0	1.0	0.0	0
NEFOPAM	2.0	1.0	2.0	0.0	1.0	1.0	0.0	0.0	2.0	0.0	1
ALOSETRON	5.0	1.0	5.0	1.0	2.0	0.0	1.0	0.0	1.0	0.0	0
MEPERIDINE	3.0	1.0	3.0	0.0	4.0	0.0	0.0	0.0	1.0	0.0	1
PIOGLITAZONE	6.0	1.0	5.0	1.0	7.0	1.0	2.0	0.0	1.0	0.0	0
TELMISARTAN	6.0	0.0	6.0	1.0	7.0	0.0	0.0	0.0	4.0	0.0	0
DICLOXACILLIN_SODIUM	11.0	2.0	8.0	2.0	5.0	3.0	2.0	0.0	1.0	0.0	0
OXANDROLONE	3.0	1.0	3.0	1.0	0.0	7.0	0.0	0.0	0.0	0.0	0
CIMETIDINE	7.0	0.0	6.0	3.0	7.0	0.0	0.0	0.0	0.0	0.0	0
MARIMASTAT	8.0	0.0	8.0	5.0	11.0	3.0	3.0	0.0	0.0	0.0	0
CEPHALOGLYCIN	10.0	2.0	9.0	3.0	8.0	3.0	2.0	0.0	1.0	0.0	0
FLUDROCORTISONE_ACETATE	6.0	0.0	5.0	3.0	2.0	7.0	0.0	0.0	0.0	0.0	0
MESNA	5.0	0.0	3.0	2.0	2.0	0.0	0.0	0.0	0.0	0.0	0
SILDENAFIL_CITRATE	11.0	1.0	10.0	1.0	7.0	0.0	0.0	0.0	1.0	0.0	0
REMIFENTANIL	7.0	1.0	7.0	0.0	10.0	0.0	1.0	0.0	1.0	0.0	1
KANAMYCIN_SULFATE	15.0	2.0	15.0	11.0	6.0	15.0	0.0	0.0	0.0	0.0	0
GEMFIBROZIL	3.0	0.0	3.0	1.0	6.0	0.0	0.0	0.0	1.0	0.0	0
ACETOPHENAZINE	6.0	2.0	5.0	1.0	7.0	0.0	0.0	0.0	2.0	0.0	1
AMPHOTERICIN_B	18.0	3.0	18.0	12.0	3.0	19.0	0.0	2.0	0.0	0.0	0
LANSOPRAZOLE	9.0	0.0	5.0	1.0	6.0	1.0	0.0	0.0	1.0	0.0	0
AMANTADINE	1.0	0.0	1.0	1.0	0.0	0.0	0.0	4.0	0.0	0.0	1
PERFLUBRON	18.0	0.0	0.0	0.0	7.0	0.0	0.0	0.0	0.0	0.0	0
CLOTRIMAZOLE	3.0	0.0	2.0	0.0	4.0	0.0	0.0	0.0	3.0	0.0	0
NYLIDRIN	3.0	0.0	3.0	3.0	7.0	3.0	0.0	0.0	2.0	0.0	0
INDOMETACIN	6.0	0.0	5.0	0.0	14.0	0.0	0.0	0.0	2.0	0.0	0
ROSIGLITAZONE_MALEATE	7.0	1.0	6.0	1.0	7.0	1.0	2.0	0.0	1.0	0.0	0
EBASTINE	3.0	1.0	3.0	0.0	10.0	0.0	0.0	0.0	3.0	0.0	0
FOLIC_ACID	13.0	0.0	13.0	6.0	10.0	1.0	1.0	0.0	1.0	0.0	0
OXYPHENBUTAZONE	5.0	1.0	5.0	1.0	5.0	1.0	2.0	0.0	2.0	0.0	0
SODIUM_PHENYLBUTYRATE	2.0	0.0	2.0	1.0	4.0	0.0	0.0	0.0	1.0	0.0	0
ESTRAMUSTINE	6.0	0.0	4.0	1.0	7.0	5.0	1.0	0.0	1.0	0.0	0
TOREMIFENE_CITRATE	3.0	0.0	2.0	0.0	9.0	0.0	0.0	0.0	3.0	0.0	0
ACETAMINOPHEN/PARACETAMOL	3.0	0.0	3.0	2.0	2.0	0.0	1.0	0.0	1.0	0.0	1
METIXENE	2.0	2.0	1.0	0.0	2.0	1.0	0.0	0.0	2.0	0.0	1
CYCLANDELATE	3.0	0.0	3.0	1.0	4.0	3.0	0.0	0.0	1.0	0.0	0
CEFDINIR	12.0	2.0	10.0	4.0	6.0	2.0	2.0	0.0	0.0	0.0	0
CARPHENAZINE	6.0	2.0	5.0	1.0	8.0	0.0	0.0	0.0	2.0	0.0	1
METHOTRIMEPRAZINE	4.0	1.0	3.0	0.0	5.0	1.0	0.0	0.0	2.0	0.0	1
GLISOXEPIDE	11.0	1.0	10.0	3.0	10.0	0.0	3.0	0.0	1.0	0.0	0
TYROPANOATE_SODIUM	7.0	0.0	4.0	2.0	8.0	1.0	1.0	0.0	1.0	0.0	0
AZATADINE	2.0	1.0	2.0	0.0	0.0	0.0	0.0	0.0	1.0	0.0	1
NICARDIPINE_HYDROCHLORIDE	9.0	1.0	9.0	1.0	11.0	1.0	0.0	0.0	2.0	0.0	0
CLEBOPRIDE	6.0	1.0	5.0	2.0	6.0	0.0	1.0	0.0	2.0	0.0	0
GANCICLOVIR	9.0	0.0	9.0	4.0	5.0	0.0	0.0	0.0	0.0	0.0	0
TIPRANAVIR	11.0	1.0	7.0	2.0	12.0	2.0	0.0	0.0	2.0	0.0	0
NALOXONE	5.0	2.0	5.0	2.0	2.0	4.0	0.0	2.0	1.0	0.0	1
TRIOXSALEN	3.0	0.0	3.0	0.0	0.0	0.0	0.0	0.0	1.0	0.0	0
NATEGLINIDE	4.0	0.0	4.0	2.0	7.0	1.0	1.0	0.0	1.0	0.0	0
OXYBUTYNIN	4.0	0.0	4.0	1.0	8.0	1.0	0.0	0.0	1.0	0.0	0
NILUTAMIDE	10.0	1.0	7.0	1.0	3.0	0.0	3.0	0.0	1.0	0.0	0
PHENOPERIDINE	4.0	1.0	4.0	1.0	8.0	1.0	0.0	0.0	2.0	0.0	1
PHENDIMETRAZINE	2.0	1.0	2.0	0.0	1.0	2.0	0.0	0.0	1.0	0.0	1
ETHACRYNIC_ACID	6.0	0.0	4.0	1.0	6.0	0.0	0.0	0.0	1.0	0.0	0
ROSOXACIN	5.0	0.0	5.0	1.0	3.0	0.0	0.0	0.0	1.0	0.0	0
NEMONAPRIDE	6.0	1.0	5.0	2.0	7.0	2.0	1.0	0.0	2.0	0.0	1
HYDROCODONE	4.0	2.0	4.0	0.0	1.0	4.0	0.0	2.0	1.0	0.0	1
BENZHEXOL	2.0	1.0	2.0	1.0	5.0	1.0	0.0	0.0	1.0	0.0	1
FORMOTEROL	6.0	0.0	6.0	4.0	9.0	2.0	1.0	0.0	2.0	0.0	0
TADALAFIL	7.0	3.0	7.0	1.0	1.0	2.0	2.0	0.0	2.0	0.0	0
MELPHALAN	6.0	0.0	4.0	2.0	8.0	1.0	0.0	0.0	1.0	0.0	0
ETIDRONATE_DISODIUM	9.0	0.0	7.0	5.0	2.0	0.0	0.0	0.0	0.0	0.0	0
ADEFOVIR_DIPIVOXIL	14.0	0.0	13.0	1.0	15.0	0.0	0.0	0.0	0.0	0.0	0
DELAVIRDINE_MESYLATE	10.0	1.0	9.0	3.0	7.0	0.0	1.0	0.0	1.0	0.0	0
DIHYDROTACHYSTEROL	1.0	0.0	1.0	1.0	5.0	7.0	0.0	0.0	0.0	0.0	0
RIFAMPIN	16.0	4.0	16.0	6.0	5.0	9.0	1.0	5.0	2.0	0.0	0
BUDESONIDE	6.0	1.0	6.0	2.0	4.0	9.0	0.0	0.0	0.0	0.0	0
MORICIZINE_HYDROCHLORIDE	8.0	2.0	7.0	1.0	8.0	0.0	2.0	0.0	2.0	0.0	0
FLUOXETINE	5.0	0.0	2.0	1.0	7.0	1.0	0.0	0.0	2.0	0.0	1
CEFTIBUTEN_DIHYDRATE	12.0	2.0	10.0	4.0	7.0	2.0	2.0	0.0	0.0	0.0	0
EPHEDRINE	2.0	0.0	2.0	2.0	3.0	2.0	0.0	0.0	1.0	0.0	1
PROGLUMETACIN	14.0	1.0	13.0	1.0	26.0	1.0	2.0	0.0	3.0	0.0	0
OLMESARTAN_MEDOXOMIL	9.0	0.0	9.0	3.0	8.0	0.0	0.0	0.0	2.0	0.0	0
CAPECITABINE	10.0	1.0	9.0	3.0	8.0	4.0	1.0	0.0	0.0	0.0	0
TROFOSFAMIDE	8.0	1.0	4.0	0.0	7.0	1.0	0.0	0.0	0.0	0.0	0
METHYLTESTOSTERONE	2.0	0.0	2.0	1.0	0.0	6.0	0.0	0.0	0.0	0.0	0
METHYCLOTHIAZIDE	11.0	1.0	7.0	2.0	2.0	1.0	0.0	0.0	1.0	0.0	0
SULFAMETHIZOLE	8.0	0.0	6.0	2.0	3.0	0.0	0.0	0.0	1.0	0.0	0
NAFCILLIN_SODIUM	8.0	2.0	7.0	2.0	6.0	3.0	2.0	0.0	2.0	0.0	0
ACENOCOUMAROL	7.0	0.0	7.0	1.0	5.0	1.0	0.0	0.0	2.0	0.0	0
FLAVOXATE	5.0	1.0	5.0	0.0	6.0	0.0	0.0	0.0	2.0	0.0	0
ARBIDOL	7.0	0.0	5.0	1.0	8.0	0.0	0.0	0.0	2.0	0.0	0
DIAZEPAM	4.0	1.0	3.0	0.0	1.0	0.0	1.0	0.0	2.0	0.0	1
DUTASTERIDE	10.0	1.0	4.0	2.0	5.0	7.0	2.0	0.0	1.0	0.0	0
DOXAZOSIN_MESYLATE	10.0	2.0	10.0	1.0	5.0	1.0	1.0	0.0	2.0	0.0	0
AMBROXOL	5.0	0.0	3.0	3.0	3.0	0.0	0.0	0.0	1.0	0.0	0
RISPERIDONE	7.0	2.0	6.0	0.0	4.0	0.0	0.0	0.0	1.0	0.0	1
TAMSULOSIN_HYDROCHLORIDE	8.0	0.0	7.0	2.0	11.0	1.0	0.0	0.0	2.0	0.0	0
METHYLPREDNISOLONE	5.0	0.0	5.0	3.0	2.0	8.0	0.0	0.0	0.0	0.0	1
DELORAZEPAM	5.0	1.0	3.0	1.0	1.0	0.0	1.0	0.0	2.0	0.0	1
BUTOBARBITONE	5.0	1.0	5.0	2.0	3.0	1.0	4.0	0.0	0.0	0.0	1
ISOCARBOXAZID	5.0	0.0	5.0	2.0	5.0	0.0	1.0	0.0	1.0	0.0	1
DOFETILIDE	10.0	0.0	8.0	2.0	11.0	0.0	0.0	0.0	2.0	0.0	0
PHENAZOPYRIDINE	5.0	0.0	5.0	2.0	2.0	0.0	0.0	0.0	1.0	0.0	0
TRICLOFOS_SODIUM	8.0	0.0	4.0	2.0	3.0	0.0	0.0	0.0	0.0	0.0	0
OXYCODONE	5.0	2.0	5.0	1.0	1.0	4.0	0.0	2.0	1.0	0.0	1
NIZOFENONE	8.0	0.0	7.0	0.0	8.0	0.0	0.0	0.0	2.0	0.0	1
AMOXICILLIN	9.0	2.0	8.0	4.0	5.0	4.0	2.0	0.0	1.0	0.0	0
BENDROFLUMETHIAZIDE	12.0	1.0	7.0	3.0	4.0	1.0	0.0	0.0	2.0	0.0	0
SIMVASTATIN	5.0	1.0	5.0	1.0	7.0	7.0	0.0	0.0	0.0	0.0	0
RIFAPENTINE	16.0	4.0	16.0	6.0	6.0	9.0	1.0	5.0	2.0	0.0	0
VANCOMYCIN_HYDROCHLORIDE	34.0	7.0	32.0	18.0	14.0	18.0	6.0	11.0	5.0	0.0	0
NORETHINDRONE	2.0	0.0	2.0	1.0	0.0	6.0	0.0	0.0	0.0	0.0	0
PHENACEMIDE	4.0	0.0	4.0	2.0	4.0	0.0	3.0	0.0	1.0	0.0	1
MEPYRAMINE	4.0	0.0	4.0	0.0	7.0	0.0	0.0	0.0	1.0	0.0	1
CICLETANINE	4.0	1.0	3.0	1.0	1.0	1.0	0.0	0.0	1.0	0.0	0
PROBENECID	6.0	0.0	5.0	1.0	7.0	0.0	0.0	0.0	1.0	0.0	0
TRANYLCYPROMINE	1.0	0.0	1.0	1.0	1.0	2.0	0.0	0.0	1.0	0.0	1
ROSUVASTATIN	11.0	0.0	9.0	3.0	10.0	2.0	0.0	0.0	1.0	0.0	0
CHLORDIAZEPOXIDE	5.0	1.0	4.0	1.0	2.0	0.0	0.0	0.0	2.0	0.0	1
TETRACYCLINE_HYDROCHLORIDE	10.0	0.0	10.0	6.0	2.0	5.0	1.0	0.0	1.0	0.0	0
TOCAINIDE_HYDROCHLORIDE	3.0	0.0	3.0	2.0	3.0	1.0	1.0	0.0	1.0	0.0	0
SULTHIAME	8.0	1.0	6.0	1.0	2.0	0.0	0.0	0.0	1.0	0.0	1
LEFLUNOMIDE	7.0	0.0	4.0	1.0	4.0	0.0	1.0	0.0	1.0	0.0	0
CARBAMAZEPINE	3.0	1.0	3.0	1.0	1.0	0.0	2.0	0.0	2.0	0.0	1
FELBAMATE	6.0	0.0	6.0	2.0	7.0	0.0	2.0	0.0	1.0	0.0	1
CHLORZOXAZONE	4.0	0.0	3.0	1.0	0.0	0.0	0.0	0.0	1.0	0.0	1
AMINOCAPROIC_ACID	3.0	0.0	3.0	2.0	5.0	0.0	0.0	0.0	0.0	0.0	0
DESIPRAMINE	2.0	1.0	2.0	1.0	4.0	0.0	0.0	0.0	2.0	0.0	1
TIOPRONIN	5.0	0.0	4.0	3.0	4.0	1.0	1.0	0.0	0.0	0.0	0
PIMOZIDE	6.0	1.0	4.0	1.0	7.0	0.0	0.0	0.0	3.0	0.0	1
CEFETAMET	12.0	2.0	10.0	3.0	6.0	2.0	2.0	0.0	0.0	0.0	0
MYCOPHENOLATE_MOFETIL	8.0	2.0	8.0	1.0	10.0	0.0	0.0	0.0	1.0	0.0	0
BEZAFIBRATE	6.0	0.0	5.0	2.0	8.0	0.0	1.0	0.0	2.0	0.0	0
TETRAZEPAM	4.0	1.0	3.0	1.0	1.0	1.0	1.0	0.0	1.0	0.0	1
DIHYDROCODEINE	4.0	2.0	4.0	1.0	1.0	5.0	0.0	2.0	1.0	0.0	1
BEXAROTENE	2.0	0.0	2.0	1.0	3.0	0.0	0.0	0.0	2.0	0.0	0
FAMOTIDINE	12.0	0.0	9.0	5.0	8.0	0.0	0.0	0.0	0.0	0.0	0
FRAMYCETIN	19.0	3.0	19.0	13.0	9.0	19.0	0.0	0.0	0.0	0.0	0
ETILEFRINE	3.0	0.0	3.0	3.0	4.0	1.0	0.0	0.0	1.0	0.0	0
PYRVINIUM	3.0	0.0	3.0	0.0	4.0	0.0	0.0	0.0	2.0	0.0	0
PRAVASTATIN_SODIUM	7.0	0.0	7.0	4.0	11.0	8.0	0.0	0.0	0.0	0.0	0
SIROLIMUS	14.0	3.0	14.0	3.0	6.0	15.0	1.0	2.0	0.0	0.0	0
MEBEVERINE	6.0	0.0	6.0	0.0	14.0	1.0	0.0	0.0	2.0	0.0	0
QUINALBARBITONE	5.0	1.0	5.0	2.0	5.0	1.0	4.0	0.0	0.0	0.0	1
ETHYLESTRENOL	1.0	0.0	1.0	1.0	1.0	6.0	0.0	0.0	0.0	0.0	0
PIRMENOL	3.0	1.0	3.0	1.0	6.0	3.0	0.0	0.0	1.0	0.0	0
IOPANOIC_ACID	6.0	0.0	3.0	2.0	4.0	1.0	0.0	0.0	1.0	0.0	0
MEGESTROL_ACETATE	3.0	0.0	3.0	1.0	1.0	6.0	0.0	0.0	0.0	0.0	0
PIPOBROMAN	6.0	1.0	4.0	0.0	6.0	0.0	2.0	0.0	0.0	0.0	0
CARBIMAZOLE	5.0	0.0	4.0	0.0	3.0	0.0	0.0	0.0	0.0	0.0	0
MILTEFOSINE	6.0	0.0	5.0	1.0	20.0	1.0	0.0	0.0	0.0	0.0	0
MESUXIMIDE	3.0	1.0	3.0	0.0	1.0	1.0	2.0	0.0	1.0	0.0	1
PROPRANOLOL	3.0	0.0	3.0	2.0	6.0	1.0	0.0	0.0	2.0	0.0	1
INDIGOTINDISULFONATE	12.0	2.0	10.0	4.0	2.0	0.0	0.0	0.0	2.0	0.0	0
PROCARBAZINE_HYDROCHLORIDE	4.0	0.0	4.0	3.0	6.0	0.0	1.0	0.0	1.0	0.0	0
PRIMAQUINE_PHOSPHATE	4.0	0.0	4.0	2.0	6.0	1.0	0.0	0.0	1.0	0.0	0
RESCINNAMINE	11.0	2.0	11.0	1.0	11.0	6.0	0.0	0.0	2.0	0.0	0
TRAPIDIL	5.0	0.0	5.0	0.0	3.0	0.0	0.0	0.0	0.0	0.0	0
MORNIFLUMATE	9.0	1.0	6.0	1.0	8.0	0.0	0.0	0.0	1.0	0.0	0
SULFINPYRAZONE	6.0	1.0	5.0	0.0	6.0	1.0	2.0	0.0	3.0	0.0	0
NIFLUMIC	7.0	0.0	4.0	2.0	4.0	0.0	0.0	0.0	1.0	0.0	0
TACRINE	2.0	0.0	2.0	1.0	0.0	0.0	0.0	0.0	1.0	0.0	1
DEXTROPROPOXYPHENE	3.0	0.0	3.0	0.0	9.0	2.0	0.0	0.0	2.0	0.0	1
BROTIZOLAM	7.0	1.0	4.0	0.0	1.0	0.0	0.0	0.0	1.0	0.0	1
BENZBROMARONE	5.0	0.0	3.0	1.0	3.0	0.0	0.0	0.0	2.0	0.0	0
QUINAGOLIDE	7.0	1.0	6.0	2.0	7.0	3.0	0.0	0.0	1.0	0.0	1
MAPROTILINE	1.0	0.0	1.0	1.0	4.0	0.0	0.0	2.0	2.0	0.0	1
AMPICILLIN	8.0	2.0	7.0	3.0	5.0	4.0	2.0	0.0	1.0	0.0	0
IFENPRODIL	3.0	1.0	3.0	2.0	5.0	2.0	0.0	0.0	2.0	0.0	1
NIMODIPINE	9.0	1.0	9.0	1.0	10.0	1.0	0.0	0.0	1.0	0.0	1
PRIMIDONE	4.0	1.0	4.0	2.0	2.0	0.0	2.0	0.0	1.0	0.0	1
CEPHRADINE	8.0	2.0	7.0	3.0	5.0	3.0	2.0	0.0	0.0	0.0	0
FENOPROFEN_CALCIUM	3.0	0.0	3.0	1.0	4.0	1.0	0.0	0.0	2.0	0.0	0
ZUCLOPENTHIXOL	5.0	2.0	3.0	1.0	5.0	0.0	0.0	0.0	2.0	0.0	1
PROQUAZONE	3.0	0.0	3.0	0.0	2.0	0.0	0.0	0.0	2.0	0.0	0
GLIQUIDONE	10.0	1.0	9.0	2.0	9.0	0.0	4.0	0.0	2.0	0.0	0
PARAMETHASONE_ACETATE	6.0	0.0	5.0	3.0	2.0	9.0	0.0	0.0	0.0	0.0	0
TOLAZAMIDE	7.0	1.0	6.0	2.0	5.0	0.0	2.0	0.0	1.0	0.0	0
ENOXIMONE	5.0	0.0	4.0	2.0	3.0	0.0	0.0	0.0	1.0	0.0	0
MEDAZEPAM	3.0	1.0	2.0	0.0	1.0	0.0	0.0	0.0	2.0	0.0	1
CYCLACILLIN	8.0	2.0	7.0	3.0	4.0	3.0	2.0	0.0	0.0	0.0	0
ACETYLDIGITOXIN	14.0	4.0	14.0	4.0	9.0	20.0	0.0	0.0	0.0	0.0	0
LEVORPHANOL	2.0	1.0	2.0	1.0	0.0	3.0	0.0	2.0	1.0	0.0	1
DISULFIRAM	6.0	0.0	2.0	0.0	9.0	0.0	0.0	0.0	0.0	0.0	0
SERTRALINE	3.0	0.0	1.0	1.0	2.0	2.0	0.0	0.0	2.0	0.0	1
MENATETRENONE	2.0	0.0	2.0	0.0	11.0	0.0	0.0	0.0	1.0	0.0	0
GLUTAMIC_ACID	5.0	0.0	5.0	3.0	4.0	1.0	0.0	0.0	0.0	0.0	0
CHOLECALCIFEROL	1.0	0.0	1.0	1.0	6.0	5.0	0.0	0.0	0.0	0.0	0
LEVALLORPHAN	2.0	1.0	2.0	1.0	2.0	3.0	0.0	2.0	1.0	0.0	1
CLOXACILLIN_SODIUM	10.0	2.0	8.0	2.0	5.0	3.0	2.0	0.0	1.0	0.0	0
BUPRENORPHINE	5.0	2.0	5.0	2.0	5.0	7.0	0.0	4.0	1.0	0.0	1
IDEBENONE	5.0	0.0	5.0	1.0	12.0	0.0	0.0	0.0	0.0	0.0	1
MIANSERIN	2.0	2.0	2.0	0.0	0.0	1.0	0.0	0.0	2.0	0.0	1
MIRTAZAPINE	3.0	2.0	3.0	0.0	0.0	1.0	0.0	0.0	1.0	0.0	1
EPLERENONE	6.0	2.0	6.0	0.0	2.0	8.0	0.0	0.0	0.0	0.0	0
MITOLACTOL	6.0	0.0	4.0	4.0	5.0	4.0	0.0	0.0	0.0	0.0	0
IODOQUINOL	4.0	0.0	2.0	1.0	0.0	0.0	0.0	0.0	1.0	0.0	0
CLONIXIN	5.0	0.0	4.0	2.0	3.0	0.0	0.0	0.0	1.0	0.0	0
GLYCOPYRROLATE	4.0	1.0	4.0	1.0	5.0	2.0	0.0	0.0	1.0	0.0	0
METACLAZEPAM	5.0	1.0	3.0	0.0	3.0	1.0	0.0	0.0	2.0	0.0	1
OXYTETRACYCLINE	11.0	0.0	11.0	7.0	2.0	6.0	1.0	0.0	1.0	0.0	0
TRIMETHADIONE	4.0	1.0	4.0	0.0	0.0	0.0	2.0	0.0	0.0	0.0	1
ACETOHEXAMIDE	7.0	0.0	6.0	2.0	6.0	0.0	2.0	0.0	1.0	0.0	0
TRICHLORMETHIAZIDE	12.0	1.0	7.0	3.0	2.0	1.0	0.0	0.0	1.0	0.0	0
TIANEPTINE	8.0	1.0	6.0	2.0	8.0	1.0	0.0	0.0	2.0	0.0	1
CINOXACIN	7.0	1.0	7.0	1.0	2.0	0.0	0.0	0.0	1.0	0.0	0
CALCITRIOL	3.0	0.0	3.0	3.0	6.0	6.0	0.0	0.0	0.0	0.0	0
HYDROCHLOROTHIAZIDE	10.0	1.0	7.0	3.0	1.0	0.0	0.0	0.0	1.0	0.0	0
BETAHISTINE	2.0	0.0	2.0	1.0	3.0	0.0	0.0	0.0	0.0	0.0	1
ADEFOVIR	10.0	0.0	9.0	3.0	5.0	0.0	0.0	0.0	0.0	0.0	0
CLOTIAZEPAM	5.0	1.0	3.0	0.0	2.0	0.0	1.0	0.0	1.0	0.0	1
ZALEPLON	6.0	0.0	6.0	0.0	4.0	0.0	1.0	0.0	1.0	0.0	1
SELEGILINE	1.0	0.0	1.0	0.0	4.0	1.0	0.0	0.0	1.0	0.0	1
FLUPENTHIXOL	7.0	2.0	3.0	1.0	6.0	0.0	0.0	0.0	2.0	0.0	1
DYDROGESTERONE	2.0	0.0	2.0	0.0	1.0	6.0	0.0	0.0	0.0	0.0	0
PROCAINAMIDE_HYDROCHLORIDE	4.0	0.0	4.0	2.0	7.0	0.0	1.0	0.0	1.0	0.0	0
JOSAMYCIN	16.0	3.0	16.0	3.0	14.0	16.0	0.0	0.0	0.0	0.0	0
DIPHENYLPYRALINE	2.0	1.0	2.0	0.0	4.0	0.0	0.0	0.0	2.0	0.0	1
AMINEPTINE	3.0	0.0	3.0	2.0	8.0	0.0	0.0	0.0	2.0	0.0	1
GLIMEPIRIDE	10.0	1.0	9.0	3.0	11.0	0.0	5.0	0.0	1.0	0.0	0
TEGAFUR	6.0	1.0	5.0	1.0	1.0	1.0	0.0	0.0	0.0	0.0	0
CHLORPROPAMIDE	7.0	0.0	5.0	2.0	6.0	0.0	2.0	0.0	1.0	0.0	0
PENTOBARBITAL	5.0	1.0	5.0	2.0	4.0	1.0	4.0	0.0	0.0	0.0	1
BALSALAZIDE	9.0	0.0	9.0	4.0	8.0	0.0	1.0	0.0	2.0	0.0	0
RIFAXIMIN	14.0	2.0	14.0	5.0	3.0	9.0	1.0	4.0	2.0	0.0	0
TRIMETHOPRIM	7.0	0.0	7.0	2.0	5.0	0.0	0.0	0.0	1.0	0.0	0
OXPRENOLOL	4.0	0.0	4.0	2.0	9.0	1.0	0.0	0.0	1.0	0.0	1
TEMOZOLOMIDE	8.0	0.0	8.0	1.0	1.0	0.0	1.0	0.0	0.0	0.0	0
PEMOLINE	4.0	1.0	4.0	1.0	1.0	1.0	1.0	0.0	1.0	0.0	1
CAFFEINE	6.0	0.0	6.0	0.0	0.0	0.0	0.0	0.0	0.0	0.0	1
DOXYLAMINE	3.0	0.0	3.0	0.0	6.0	1.0	0.0	0.0	1.0	0.0	1
NICERGOLINE	7.0	1.0	6.0	0.0	5.0	3.0	0.0	0.0	1.0	0.0	1
PHYTONADIONE	2.0	0.0	2.0	0.0	14.0	2.0	0.0	0.0	1.0	0.0	0
APOMORPHINE	3.0	1.0	3.0	2.0	0.0	1.0	0.0	0.0	2.0	0.0	1
CHLORPROTHIXINE	3.0	1.0	1.0	0.0	3.0	0.0	0.0	0.0	2.0	0.0	1
ETHOSUXIMIDE	3.0	1.0	3.0	1.0	1.0	1.0	2.0	0.0	0.0	0.0	1
PIRENZEPINE	7.0	2.0	7.0	1.0	3.0	0.0	2.0	0.0	1.0	0.0	0
CHLORAL_HYDRATE	5.0	0.0	2.0	2.0	1.0	0.0	0.0	0.0	0.0	0.0	1
TROVAFLOXACIN	10.0	1.0	7.0	2.0	3.0	2.0	0.0	0.0	1.0	0.0	0
CYPROHEPTADINE	1.0	1.0	1.0	0.0	0.0	0.0	0.0	0.0	2.0	0.0	1
CHLORPHENIRAMINE	3.0	0.0	2.0	0.0	5.0	1.0	0.0	0.0	1.0	0.0	1
PIVMECILLINAM	9.0	3.0	8.0	0.0	8.0	3.0	1.0	0.0	0.0	0.0	0
CALUSTERONE	2.0	0.0	2.0	1.0	0.0	7.0	0.0	0.0	0.0	0.0	0
FLUCYTOSINE	5.0	0.0	4.0	2.0	0.0	0.0	0.0	0.0	0.0	0.0	0
PROCYCLIDINE	2.0	1.0	2.0	1.0	5.0	1.0	0.0	0.0	1.0	0.0	1
METOCLOPRAMIDE	6.0	0.0	5.0	2.0	8.0	0.0	1.0	0.0	1.0	0.0	1
OXACILLIN_SODIUM	9.0	2.0	8.0	2.0	5.0	3.0	2.0	0.0	1.0	0.0	0
GLUCOSAMINE	6.0	1.0	6.0	5.0	1.0	5.0	0.0	0.0	0.0	0.0	0
LOFEXIDINE	5.0	1.0	3.0	1.0	3.0	1.0	0.0	0.0	1.0	0.0	1
OLSALAZINE_SODIUM	8.0	0.0	8.0	4.0	4.0	0.0	0.0	0.0	2.0	0.0	0
FORMESTANE	3.0	0.0	3.0	1.0	0.0	5.0	0.0	0.0	0.0	0.0	0
FLUSPIRILENE	6.0	2.0	4.0	1.0	7.0	0.0	1.0	0.0	3.0	0.0	1
BENFLUOREX	6.0	0.0	3.0	1.0	9.0	1.0	0.0	0.0	2.0	0.0	0
MAZINDOL	4.0	2.0	3.0	1.0	1.0	1.0	0.0	0.0	2.0	0.0	1
MOEXIPRIL_HYDROCHLORIDE	9.0	1.0	9.0	2.0	13.0	3.0	1.0	0.0	2.0	0.0	0
BROMPHENIRAMINE	3.0	0.0	2.0	0.0	5.0	1.0	0.0	0.0	1.0	0.0	1
RIFABUTIN	15.0	4.0	15.0	5.0	5.0	9.0	1.0	4.0	1.0	0.0	0
FINASTERIDE	4.0	1.0	4.0	2.0	3.0	7.0	2.0	0.0	0.0	0.0	0
BACAMPICILLIN_HYDROCHLORIDE	11.0	2.0	10.0	2.0	11.0	5.0	2.0	0.0	1.0	0.0	0
DRONABINOL	2.0	1.0	2.0	1.0	4.0	2.0	0.0	0.0	1.0	0.0	0
BENZOCAINE	3.0	0.0	3.0	1.0	3.0	0.0	0.0	0.0	1.0	0.0	0
PIPOTHIAZINE	8.0	2.0	6.0	1.0	8.0	0.0	0.0	0.0	2.0	0.0	1
AZATHIOPRINE	10.0	0.0	9.0	1.0	3.0	0.0	0.0	0.0	0.0	0.0	0
FENQUIZONE	8.0	1.0	6.0	3.0	2.0	1.0	1.0	0.0	2.0	0.0	0
HYDROFLUMETHIAZIDE	12.0	1.0	7.0	3.0	2.0	0.0	0.0	0.0	1.0	0.0	0
BEPRIDIL	3.0	1.0	3.0	0.0	10.0	1.0	0.0	0.0	2.0	0.0	0
REPAGLINIDE	6.0	1.0	6.0	2.0	11.0	1.0	1.0	0.0	2.0	0.0	0
CLOTHIAPINE	5.0	2.0	3.0	0.0	1.0	0.0	0.0	0.0	2.0	0.0	1
METRONIDAZOLE	6.0	0.0	6.0	1.0	3.0	0.0	0.0	0.0	0.0	0.0	0
TRIAZOLAM	6.0	1.0	4.0	0.0	1.0	0.0	0.0	0.0	2.0	0.0	1
HYDRALAZINE_HYDROCHLORIDE	4.0	0.0	4.0	2.0	1.0	0.0	0.0	0.0	1.0	0.0	0
PHENTERMINE	1.0	0.0	1.0	1.0	2.0	0.0	0.0	0.0	1.0	0.0	1
FLUPHENAZINE	8.0	2.0	4.0	1.0	7.0	0.0	0.0	0.0	2.0	0.0	1
TORSEMIDE	8.0	0.0	7.0	3.0	7.0	0.0	2.0	0.0	1.0	0.0	0
THIACETAZONE	6.0	0.0	5.0	3.0	5.0	0.0	1.0	0.0	1.0	0.0	0
NORTRIPTYLINE	1.0	0.0	1.0	1.0	3.0	0.0	0.0	0.0	2.0	0.0	1
FURAZOLIDONE	8.0	1.0	8.0	0.0	3.0	0.0	1.0	0.0	0.0	0.0	0
ENTACAPONE	8.0	0.0	8.0	2.0	6.0	0.0	1.0	0.0	1.0	0.0	1
FLOXACILLIN	11.0	2.0	8.0	2.0	5.0	3.0	2.0	0.0	1.0	0.0	0
BEFUNOLOL	5.0	0.0	5.0	2.0	7.0	1.0	0.0	0.0	1.0	0.0	0
NIMESULIDE	8.0	0.0	7.0	1.0	5.0	0.0	0.0	0.0	2.0	0.0	0
PROBUCOL	4.0	0.0	2.0	2.0	8.0	0.0	0.0	0.0	2.0	0.0	0
SERTINDOLE	7.0	2.0	5.0	1.0	5.0	0.0	2.0	0.0	2.0	0.0	1
LOVASTATIN	5.0	1.0	5.0	1.0	7.0	8.0	0.0	0.0	0.0	0.0	0
METHDILAZINE	3.0	2.0	2.0	0.0	2.0	1.0	0.0	0.0	2.0	0.0	1
PARAMETHADIONE	4.0	1.0	4.0	0.0	1.0	1.0	2.0	0.0	0.0	0.0	1
MECLIZINE/MECLOZINE	3.0	1.0	2.0	0.0	5.0	1.0	0.0	0.0	3.0	0.0	1
TICRYNAFEN	7.0	0.0	4.0	1.0	5.0	0.0	0.0	0.0	1.0	0.0	0
CITALOPRAM/ESCITALOPRAM	4.0	1.0	3.0	0.0	5.0	1.0	0.0	0.0	2.0	0.0	1
PIPEMIDIC	8.0	1.0	8.0	2.0	3.0	0.0	0.0	0.0	0.0	0.0	0
ACETOHYDROXAMIC_ACID	3.0	0.0	3.0	2.0	1.0	0.0	1.0	0.0	0.0	0.0	0
PIZOTIFEN	2.0	1.0	1.0	0.0	0.0	0.0	0.0	0.0	1.0	0.0	1
ESTAZOLAM	5.0	1.0	4.0	0.0	1.0	0.0	0.0	0.0	2.0	0.0	1
ISOXSUPRINE	4.0	0.0	4.0	3.0	7.0	3.0	0.0	0.0	2.0	0.0	0
FLUMEQUINE	5.0	1.0	4.0	1.0	1.0	1.0	0.0	0.0	1.0	0.0	0
HYDROXYUREA	4.0	0.0	4.0	3.0	1.0	0.0	2.0	0.0	0.0	0.0	0
BITHIONOL	7.0	0.0	2.0	2.0	2.0	0.0	0.0	0.0	2.0	0.0	0
FLUNARIZINE	4.0	1.0	2.0	0.0	6.0	0.0	0.0	0.0	3.0	0.0	1
DROXIDOPA	6.0	0.0	6.0	5.0	3.0	2.0	0.0	0.0	1.0	0.0	1
CEFIXIME	14.0	2.0	12.0	4.0	9.0	2.0	2.0	0.0	0.0	0.0	0
PIRITREXIM	7.0	0.0	7.0	2.0	4.0	0.0	0.0	0.0	1.0	0.0	0
LEVODOPA	5.0	0.0	5.0	4.0	3.0	1.0	0.0	0.0	1.0	0.0	1
ADINAZOLAM	6.0	1.0	5.0	0.0	3.0	0.0	0.0	0.0	2.0	0.0	1
CYCLOBENZAPRINE	1.0	0.0	1.0	0.0	3.0	0.0	0.0	0.0	2.0	0.0	1
ACEMETACIN	8.0	0.0	7.0	1.0	8.0	0.0	0.0	0.0	2.0	0.0	0
TRIFLUOPERAZINE	7.0	2.0	3.0	0.0	5.0	0.0	0.0	0.0	2.0	0.0	1
TIAPROFENIC	4.0	0.0	3.0	1.0	4.0	1.0	0.0	0.0	1.0	0.0	0
CHLOROTHIAZIDE	10.0	1.0	7.0	2.0	1.0	0.0	0.0	0.0	1.0	0.0	0
CHLORPROMAZINE	4.0	1.0	2.0	0.0	4.0	0.0	0.0	0.0	2.0	0.0	1
INDINAVIR_SULFATE	9.0	1.0	9.0	4.0	14.0	5.0	2.0	0.0	2.0	0.0	0
BETA-CAROTENE	0.0	0.0	0.0	0.0	10.0	0.0	0.0	0.0	0.0	0.0	0
ALMITRINE	9.0	1.0	7.0	2.0	10.0	0.0	0.0	0.0	2.0	0.0	0
ZOTEPINE	4.0	1.0	2.0	0.0	4.0	0.0	0.0	0.0	2.0	0.0	1
PENICILLIN_V	8.0	2.0	7.0	2.0	6.0	3.0	2.0	0.0	1.0	0.0	0
DIAZOXIDE	6.0	1.0	4.0	1.0	0.0	0.0	0.0	0.0	1.0	0.0	0
FENBUFEN	3.0	0.0	3.0	1.0	5.0	0.0	0.0	0.0	2.0	0.0	0
CLOZAPINE	5.0	2.0	4.0	1.0	1.0	0.0	0.0	0.0	2.0	0.0	1
TENOFOVIR	10.0	0.0	9.0	3.0	5.0	1.0	0.0	0.0	0.0	0.0	0
LYSURIDE	5.0	1.0	5.0	2.0	5.0	2.0	2.0	0.0	1.0	0.0	1
PYRANTEL	3.0	1.0	2.0	0.0	2.0	0.0	0.0	0.0	0.0	0.0	0
BUTALBITAL	5.0	1.0	5.0	2.0	4.0	0.0	4.0	0.0	0.0	0.0	1
PENTAZOCINE	2.0	1.0	2.0	1.0	2.0	3.0	0.0	2.0	1.0	0.0	1
TESTOLACTONE	3.0	1.0	3.0	0.0	0.0	5.0	0.0	0.0	0.0	0.0	0
CLOFAZIMINE	6.0	1.0	4.0	1.0	4.0	0.0	0.0	0.0	3.0	0.0	0
DOXOFYLLINE	8.0	1.0	8.0	0.0	2.0	0.0	0.0	0.0	0.0	0.0	0
MEPENZOLATE_BROMIDE	4.0	1.0	4.0	1.0	5.0	1.0	0.0	0.0	2.0	0.0	0
MILNACIPRAN	3.0	0.0	3.0	1.0	6.0	2.0	1.0	0.0	1.0	0.0	1
THIOPROPERAZINE	8.0	2.0	6.0	0.0	6.0	0.0	0.0	0.0	2.0	0.0	1
NICLOSAMIDE	8.0	0.0	6.0	2.0	4.0	0.0	1.0	0.0	2.0	0.0	0
ETORICOXIB	6.0	0.0	4.0	0.0	3.0	0.0	0.0	0.0	1.0	0.0	0
ETOZOLIN	6.0	2.0	5.0	0.0	4.0	1.0	1.0	0.0	0.0	0.0	0
KETOCONAZOLE	10.0	2.0	8.0	0.0	8.0	2.0	1.0	0.0	2.0	0.0	0
MITOTANE	4.0	0.0	0.0	0.0	3.0	1.0	0.0	0.0	2.0	0.0	0
VALPROIC_ACID	2.0	0.0	2.0	1.0	5.0	0.0	0.0	0.0	0.0	0.0	1
RITANSERIN	7.0	1.0	4.0	0.0	5.0	0.0	0.0	0.0	2.0	0.0	1
CARTEOLOL_HYDROCHLORIDE	5.0	1.0	5.0	3.0	6.0	1.0	1.0	0.0	1.0	0.0	0
METHYSERGIDE	5.0	1.0	5.0	2.0	5.0	3.0	1.0	0.0	1.0	0.0	1
LOSARTAN_POTASSIUM	8.0	0.0	7.0	2.0	8.0	0.0	0.0	0.0	2.0	0.0	0
PROPIVERINE	4.0	1.0	4.0	0.0	8.0	0.0	0.0	0.0	2.0	0.0	0
TREOSULFAN	10.0	0.0	8.0	2.0	7.0	2.0	0.0	0.0	0.0	0.0	0
OXYMORPHONE	5.0	2.0	5.0	2.0	0.0	4.0	0.0	2.0	1.0	0.0	1
FLUTOPRAZEPAM	5.0	1.0	3.0	0.0	3.0	0.0	1.0	0.0	2.0	0.0	1
STANOZOLOL	3.0	0.0	3.0	2.0	0.0	7.0	0.0	0.0	0.0	0.0	0
CILOSTAZOL	7.0	1.0	7.0	1.0	7.0	0.0	1.0	0.0	1.0	0.0	0
CEFPODOXIME	13.0	2.0	11.0	3.0	8.0	2.0	2.0	0.0	0.0	0.0	0
SPIRAMYCIN	16.0	4.0	16.0	4.0	11.0	19.0	0.0	0.0	0.0	0.0	0
NELFINAVIR_MESYLATE	8.0	1.0	7.0	4.0	12.0	5.0	2.0	0.0	2.0	0.0	0
PENICILLAMINE	4.0	0.0	3.0	3.0	2.0	1.0	0.0	0.0	0.0	0.0	0
KETAZOLAM	6.0	2.0	5.0	0.0	1.0	1.0	2.0	0.0	2.0	0.0	1
PIRAZOLAC	6.0	0.0	4.0	1.0	4.0	0.0	0.0	0.0	2.0	0.0	0
ERGOLOID_MESYLATE	10.0	4.0	10.0	3.0	6.0	7.0	3.0	0.0	1.0	0.0	1
SOTALOL_HYDROCHLORIDE	6.0	0.0	5.0	3.0	6.0	1.0	0.0	0.0	1.0	0.0	0
ETHINYL_ESTRADIOL	2.0	0.0	2.0	2.0	0.0	5.0	0.0	0.0	1.0	0.0	0
MESALAMINE	4.0	0.0	4.0	3.0	1.0	0.0	0.0	0.0	1.0	0.0	0
SPIRONOLACTONE	5.0	1.0	4.0	0.0	2.0	7.0	0.0	0.0	0.0	0.0	0
URSODIOL	4.0	0.0	4.0	3.0	4.0	10.0	0.0	0.0	0.0	0.0	0
OXCARBAZEPINE	4.0	1.0	4.0	1.0	1.0	0.0	2.0	0.0	2.0	0.0	1
ETHOTOIN	4.0	1.0	4.0	1.0	2.0	1.0	3.0	0.0	1.0	0.0	1
FENOFIBRATE	5.0	0.0	4.0	0.0	7.0	0.0	0.0	0.0	2.0	0.0	0
DEXTROTHYROXINE_SODIUM	9.0	0.0	5.0	3.0	5.0	1.0	0.0	0.0	2.0	0.0	0
NABUMETONE	2.0	0.0	2.0	0.0	4.0	0.0	0.0	0.0	2.0	0.0	0
DRONABINOL	2.0	1.0	2.0	1.0	4.0	2.0	0.0	0.0	1.0	0.0	1
BISACODYL	5.0	0.0	5.0	0.0	7.0	0.0	0.0	0.0	2.0	0.0	0
GUANFACINE_HYDROCHLORIDE	6.0	0.0	4.0	3.0	4.0	0.0	1.0	0.0	1.0	0.0	0
CYCLOFENIL	4.0	0.0	4.0	0.0	6.0	0.0	0.0	0.0	2.0	0.0	0
NOVERIL	4.0	1.0	4.0	0.0	3.0	0.0	1.0	0.0	2.0	0.0	1
GUANADREL_SULFATE	5.0	1.0	5.0	2.0	2.0	1.0	0.0	0.0	0.0	0.0	0
PYRIMETHAMINE	5.0	0.0	4.0	2.0	2.0	0.0	0.0	0.0	1.0	0.0	0
PAROMOMYCIN_SULFATE	19.0	3.0	19.0	13.0	9.0	19.0	0.0	0.0	0.0	0.0	0
BROMODIPHENHYDRAMINE	3.0	0.0	2.0	0.0	6.0	1.0	0.0	0.0	2.0	0.0	1
NITROFURANTOIN	9.0	1.0	9.0	1.0	3.0	0.0	3.0	0.0	0.0	0.0	0
AMOBARBITAL	5.0	1.0	5.0	2.0	4.0	0.0	4.0	0.0	0.0	0.0	1
ASPARTAME	7.0	0.0	7.0	3.0	9.0	2.0	1.0	0.0	1.0	0.0	0
NALIDIXIC_ACID	5.0	0.0	5.0	1.0	2.0	0.0	0.0	0.0	0.0	0.0	0
PHENFORMIN	5.0	0.0	5.0	5.0	6.0	0.0	0.0	0.0	1.0	0.0	0
SAPROPTERIN	8.0	1.0	8.0	6.0	2.0	3.0	0.0	0.0	0.0	0.0	0
PHENELZINE	2.0	0.0	2.0	2.0	3.0	0.0	0.0	0.0	1.0	0.0	1
ISOPROTERENOL_HYDROCHLORIDE	4.0	0.0	4.0	4.0	4.0	1.0	0.0	0.0	1.0	0.0	0
FLOCTAFENINE	9.0	0.0	6.0	3.0	8.0	1.0	0.0	0.0	2.0	0.0	0
METHOTREXATE_SODIUM	13.0	0.0	13.0	5.0	10.0	1.0	1.0	0.0	1.0	0.0	0
